Time,,, HR, BR
4/4/2019,11:01:51,AM,87,10
4/4/2019,11:01:52,AM,89,10
4/4/2019,11:01:53,AM,91,10
4/4/2019,11:01:54,AM,92,10
4/4/2019,11:01:55,AM,92,10
4/4/2019,11:01:56,AM,90,10
4/4/2019,11:01:57,AM,89,10
4/4/2019,11:01:58,AM,91,10
4/4/2019,11:01:59,AM,94,10
4/4/2019,11:02:00,AM,98,10
4/4/2019,11:02:01,AM,101,10
4/4/2019,11:02:02,AM,103,10
4/4/2019,11:02:03,AM,101,10
4/4/2019,11:02:04,AM,100,10
4/4/2019,11:02:05,AM,100,10
4/4/2019,11:02:06,AM,102,10
4/4/2019,11:02:07,AM,104,10
4/4/2019,11:02:08,AM,104,10
4/4/2019,11:02:09,AM,100,10
4/4/2019,11:02:10,AM,95,10
4/4/2019,11:02:11,AM,90,10
4/4/2019,11:02:12,AM,86,10
4/4/2019,11:02:13,AM,81,10
4/4/2019,11:02:14,AM,80,10
4/4/2019,11:02:15,AM,79,10
4/4/2019,11:02:16,AM,80,10
4/4/2019,11:02:17,AM,82,10
4/4/2019,11:02:18,AM,86,10
4/4/2019,11:02:19,AM,91,11
4/4/2019,11:02:20,AM,98,11
4/4/2019,11:02:21,AM,101,11
4/4/2019,11:02:22,AM,98,11
4/4/2019,11:02:23,AM,94,11
4/4/2019,11:02:24,AM,91,11
4/4/2019,11:02:25,AM,90,12
4/4/2019,11:02:26,AM,91,12
4/4/2019,11:02:27,AM,93,13
4/4/2019,11:02:28,AM,94,13
4/4/2019,11:02:29,AM,94,14
4/4/2019,11:02:30,AM,89,14
4/4/2019,11:02:31,AM,86,15
4/4/2019,11:02:32,AM,84,15
4/4/2019,11:02:34,AM,86,15
4/4/2019,11:02:35,AM,89,16
4/4/2019,11:02:36,AM,90,16
4/4/2019,11:02:37,AM,91,16
4/4/2019,11:02:38,AM,91,16
4/4/2019,11:02:39,AM,91,16
4/4/2019,11:02:40,AM,91,16
4/4/2019,11:02:41,AM,92,16
4/4/2019,11:02:42,AM,92,16
4/4/2019,11:02:43,AM,91,16
4/4/2019,11:02:44,AM,88,16
4/4/2019,11:02:45,AM,85,16
4/4/2019,11:02:46,AM,85,16
4/4/2019,11:02:47,AM,86,16
4/4/2019,11:02:48,AM,87,16
4/4/2019,11:02:49,AM,89,16
4/4/2019,11:02:50,AM,90,16
4/4/2019,11:02:51,AM,90,16
4/4/2019,11:02:52,AM,91,16
4/4/2019,11:02:53,AM,90,16
4/4/2019,11:02:54,AM,89,16
4/4/2019,11:02:55,AM,88,16
4/4/2019,11:02:58,AM,90,16
4/4/2019,11:02:59,AM,91,16
4/4/2019,11:03:00,AM,92,16
4/4/2019,11:03:01,AM,92,16
4/4/2019,11:03:02,AM,92,16
4/4/2019,11:03:03,AM,92,16
4/4/2019,11:03:04,AM,92,16
4/4/2019,11:03:05,AM,93,16
4/4/2019,11:03:06,AM,97,16
4/4/2019,11:03:07,AM,100,16
4/4/2019,11:03:08,AM,102,16
4/4/2019,11:03:09,AM,103,16
4/4/2019,11:03:10,AM,103,16
4/4/2019,11:03:11,AM,102,16
4/4/2019,11:03:12,AM,103,16
4/4/2019,11:03:13,AM,105,16
4/4/2019,11:03:14,AM,106,16
4/4/2019,11:03:15,AM,104,16
4/4/2019,11:03:16,AM,101,16
4/4/2019,11:03:17,AM,96,16
4/4/2019,11:03:18,AM,93,16
4/4/2019,11:03:19,AM,90,15
4/4/2019,11:03:20,AM,88,15
4/4/2019,11:03:21,AM,87,15
4/4/2019,11:03:22,AM,87,15
4/4/2019,11:03:23,AM,87,15
4/4/2019,11:03:24,AM,88,15
4/4/2019,11:03:25,AM,87,14
4/4/2019,11:03:26,AM,86,14
4/4/2019,11:03:27,AM,85,14
4/4/2019,11:03:28,AM,84,14
4/4/2019,11:03:29,AM,85,14
4/4/2019,11:03:30,AM,86,14
4/4/2019,11:03:31,AM,88,14
4/4/2019,11:03:32,AM,87,14
4/4/2019,11:03:33,AM,85,14
4/4/2019,11:03:34,AM,83,14
4/4/2019,11:03:35,AM,83,14
4/4/2019,11:03:36,AM,86,14
4/4/2019,11:03:37,AM,90,14
4/4/2019,11:03:38,AM,93,14
4/4/2019,11:03:39,AM,92,14
4/4/2019,11:03:40,AM,91,14
4/4/2019,11:03:41,AM,87,14
4/4/2019,11:03:42,AM,87,14
4/4/2019,11:03:43,AM,88,13
4/4/2019,11:03:44,AM,91,13
4/4/2019,11:03:45,AM,94,13
4/4/2019,11:03:46,AM,95,13
4/4/2019,11:03:47,AM,95,13
4/4/2019,11:03:48,AM,94,13
4/4/2019,11:03:49,AM,95,13
4/4/2019,11:03:50,AM,95,13
4/4/2019,11:03:51,AM,95,13
4/4/2019,11:03:53,AM,89,13
4/4/2019,11:03:54,AM,86,13
4/4/2019,11:03:55,AM,87,13
4/4/2019,11:03:56,AM,88,13
4/4/2019,11:03:57,AM,89,12
4/4/2019,11:03:58,AM,90,12
4/4/2019,11:03:59,AM,92,12
4/4/2019,11:04:00,AM,94,12
4/4/2019,11:04:01,AM,95,12
4/4/2019,11:04:02,AM,96,12
4/4/2019,11:04:03,AM,98,12
4/4/2019,11:04:04,AM,100,12
4/4/2019,11:04:05,AM,102,12
4/4/2019,11:04:06,AM,99,12
4/4/2019,11:04:07,AM,97,12
4/4/2019,11:04:08,AM,98,12
4/4/2019,11:04:09,AM,99,12
4/4/2019,11:04:10,AM,101,12
4/4/2019,11:04:11,AM,103,12
4/4/2019,11:04:12,AM,106,12
4/4/2019,11:04:13,AM,107,11
4/4/2019,11:04:14,AM,108,11
4/4/2019,11:04:15,AM,109,11
4/4/2019,11:04:16,AM,107,11
4/4/2019,11:04:17,AM,104,11
4/4/2019,11:04:18,AM,98,11
4/4/2019,11:04:19,AM,93,11
4/4/2019,11:04:20,AM,91,11
4/4/2019,11:04:21,AM,91,11
4/4/2019,11:04:22,AM,92,11
4/4/2019,11:04:23,AM,92,11
4/4/2019,11:04:24,AM,92,11
4/4/2019,11:04:25,AM,90,11
4/4/2019,11:04:26,AM,86,11
4/4/2019,11:04:27,AM,82,11
4/4/2019,11:04:28,AM,77,11
4/4/2019,11:04:29,AM,74,11
4/4/2019,11:04:30,AM,74,11
4/4/2019,11:04:31,AM,77,11
4/4/2019,11:04:32,AM,82,11
4/4/2019,11:04:33,AM,86,11
4/4/2019,11:04:34,AM,90,11
4/4/2019,11:04:35,AM,92,11
4/4/2019,11:04:36,AM,91,11
4/4/2019,11:04:37,AM,88,11
4/4/2019,11:04:38,AM,83,11
4/4/2019,11:04:39,AM,81,11
4/4/2019,11:04:40,AM,81,11
4/4/2019,11:04:41,AM,86,11
4/4/2019,11:04:42,AM,90,11
4/4/2019,11:04:43,AM,94,10
4/4/2019,11:04:44,AM,95,10
4/4/2019,11:04:45,AM,93,10
4/4/2019,11:04:47,AM,85,10
4/4/2019,11:04:48,AM,84,10
4/4/2019,11:04:49,AM,85,10
4/4/2019,11:04:50,AM,88,10
4/4/2019,11:04:51,AM,91,10
4/4/2019,11:04:52,AM,92,10
4/4/2019,11:04:53,AM,90,9
4/4/2019,11:04:54,AM,88,9
4/4/2019,11:04:55,AM,87,9
4/4/2019,11:04:56,AM,89,9
4/4/2019,11:04:57,AM,90,9
4/4/2019,11:04:58,AM,92,9
4/4/2019,11:04:59,AM,91,9
4/4/2019,11:05:00,AM,90,9
4/4/2019,11:05:01,AM,87,9
4/4/2019,11:05:02,AM,85,9
4/4/2019,11:05:03,AM,84,9
4/4/2019,11:05:04,AM,86,9
4/4/2019,11:05:05,AM,88,9
4/4/2019,11:05:06,AM,90,9
4/4/2019,11:05:07,AM,89,8
4/4/2019,11:05:08,AM,87,8
4/4/2019,11:05:09,AM,85,8
4/4/2019,11:05:10,AM,85,8
4/4/2019,11:05:11,AM,86,8
4/4/2019,11:05:12,AM,88,8
4/4/2019,11:05:13,AM,88,8
4/4/2019,11:05:14,AM,87,8
4/4/2019,11:05:15,AM,86,8
4/4/2019,11:05:16,AM,86,8
4/4/2019,11:05:17,AM,88,8
4/4/2019,11:05:18,AM,90,8
4/4/2019,11:05:19,AM,90,8
4/4/2019,11:05:20,AM,89,8
4/4/2019,11:05:21,AM,89,8
4/4/2019,11:05:22,AM,89,8
4/4/2019,11:05:23,AM,91,8
4/4/2019,11:05:24,AM,92,8
4/4/2019,11:05:25,AM,90,8
4/4/2019,11:05:26,AM,88,8
4/4/2019,11:05:27,AM,88,8
4/4/2019,11:05:28,AM,88,8
4/4/2019,11:05:29,AM,89,8
4/4/2019,11:05:30,AM,90,8
4/4/2019,11:05:31,AM,90,9
4/4/2019,11:05:32,AM,91,9
4/4/2019,11:05:33,AM,92,9
4/4/2019,11:05:34,AM,94,9
4/4/2019,11:05:35,AM,93,9
4/4/2019,11:05:36,AM,89,9
4/4/2019,11:05:37,AM,85,9
4/4/2019,11:05:38,AM,85,9
4/4/2019,11:05:39,AM,86,9
4/4/2019,11:05:40,AM,90,9
4/4/2019,11:05:41,AM,95,9
4/4/2019,11:05:42,AM,97,9
4/4/2019,11:05:43,AM,98,9
4/4/2019,11:05:44,AM,98,9
4/4/2019,11:05:45,AM,94,9
4/4/2019,11:05:46,AM,89,9
4/4/2019,11:05:47,AM,84,9
4/4/2019,11:05:48,AM,82,9
4/4/2019,11:05:49,AM,81,9
4/4/2019,11:05:50,AM,83,9
4/4/2019,11:05:51,AM,85,9
4/4/2019,11:05:52,AM,88,9
4/4/2019,11:05:53,AM,91,9
4/4/2019,11:05:54,AM,92,9
4/4/2019,11:05:55,AM,92,9
4/4/2019,11:05:56,AM,92,9
4/4/2019,11:05:57,AM,91,9
4/4/2019,11:05:58,AM,92,9
4/4/2019,11:05:59,AM,93,9
4/4/2019,11:06:00,AM,92,9
4/4/2019,11:06:01,AM,90,9
4/4/2019,11:06:02,AM,90,9
4/4/2019,11:06:03,AM,94,9
4/4/2019,11:06:04,AM,97,9
4/4/2019,11:06:05,AM,100,9
4/4/2019,11:06:06,AM,102,9
4/4/2019,11:06:07,AM,102,9
4/4/2019,11:06:08,AM,99,9
4/4/2019,11:06:09,AM,97,9
4/4/2019,11:06:10,AM,95,9
4/4/2019,11:06:12,AM,95,9
4/4/2019,11:06:13,AM,97,9
4/4/2019,11:06:14,AM,96,9
4/4/2019,11:06:15,AM,91,9
4/4/2019,11:06:16,AM,87,9
4/4/2019,11:06:17,AM,83,9
4/4/2019,11:06:18,AM,82,9
4/4/2019,11:06:19,AM,84,9
4/4/2019,11:06:20,AM,87,9
4/4/2019,11:06:21,AM,89,8
4/4/2019,11:06:22,AM,90,8
4/4/2019,11:06:23,AM,91,8
4/4/2019,11:06:24,AM,90,8
4/4/2019,11:06:25,AM,91,8
4/4/2019,11:06:26,AM,91,8
4/4/2019,11:06:27,AM,92,8
4/4/2019,11:06:28,AM,90,8
4/4/2019,11:06:29,AM,87,8
4/4/2019,11:06:30,AM,87,8
4/4/2019,11:06:31,AM,88,8
4/4/2019,11:06:32,AM,91,8
4/4/2019,11:06:33,AM,95,8
4/4/2019,11:06:34,AM,96,8
4/4/2019,11:06:35,AM,94,8
4/4/2019,11:06:36,AM,92,8
4/4/2019,11:06:37,AM,91,9
4/4/2019,11:06:38,AM,92,9
4/4/2019,11:06:39,AM,91,9
4/4/2019,11:06:40,AM,91,9
4/4/2019,11:06:41,AM,91,9
4/4/2019,11:06:42,AM,91,9
4/4/2019,11:06:43,AM,93,9
4/4/2019,11:06:44,AM,95,9
4/4/2019,11:06:45,AM,94,9
4/4/2019,11:06:46,AM,93,9
4/4/2019,11:06:47,AM,92,9
4/4/2019,11:06:48,AM,90,9
4/4/2019,11:06:49,AM,89,9
4/4/2019,11:06:50,AM,89,9
4/4/2019,11:06:51,AM,89,9
4/4/2019,11:06:52,AM,89,9
4/4/2019,11:06:53,AM,87,9
4/4/2019,11:06:54,AM,84,9
4/4/2019,11:06:55,AM,80,9
4/4/2019,11:06:56,AM,79,9
4/4/2019,11:06:57,AM,79,9
4/4/2019,11:06:58,AM,82,9
4/4/2019,11:06:59,AM,86,9
4/4/2019,11:07:00,AM,89,9
4/4/2019,11:07:01,AM,90,9
4/4/2019,11:07:02,AM,92,9
4/4/2019,11:07:03,AM,94,9
4/4/2019,11:07:04,AM,98,9
4/4/2019,11:07:05,AM,100,9
4/4/2019,11:07:06,AM,101,9
4/4/2019,11:07:07,AM,102,9
4/4/2019,11:07:08,AM,100,9
4/4/2019,11:07:09,AM,97,9
4/4/2019,11:07:10,AM,96,9
4/4/2019,11:07:11,AM,95,9
4/4/2019,11:07:12,AM,92,9
4/4/2019,11:07:13,AM,89,9
4/4/2019,11:07:14,AM,87,9
4/4/2019,11:07:15,AM,87,9
4/4/2019,11:07:16,AM,89,9
4/4/2019,11:07:17,AM,90,9
4/4/2019,11:07:18,AM,88,9
4/4/2019,11:07:19,AM,87,9
4/4/2019,11:07:20,AM,85,9
4/4/2019,11:07:21,AM,83,9
4/4/2019,11:07:22,AM,84,9
4/4/2019,11:07:23,AM,86,9
4/4/2019,11:07:24,AM,89,9
4/4/2019,11:07:25,AM,91,9
4/4/2019,11:07:26,AM,92,9
4/4/2019,11:07:27,AM,91,9
4/4/2019,11:07:28,AM,88,9
4/4/2019,11:07:29,AM,86,9
4/4/2019,11:07:31,AM,90,9
4/4/2019,11:07:32,AM,92,9
4/4/2019,11:07:34,AM,86,9
4/4/2019,11:07:35,AM,85,9
4/4/2019,11:07:37,AM,89,9
4/4/2019,11:07:38,AM,92,9
4/4/2019,11:07:39,AM,96,9
4/4/2019,11:07:40,AM,98,9
4/4/2019,11:07:41,AM,94,9
4/4/2019,11:07:42,AM,89,9
4/4/2019,11:07:43,AM,84,9
4/4/2019,11:07:44,AM,82,9
4/4/2019,11:07:45,AM,82,9
4/4/2019,11:07:46,AM,83,9
4/4/2019,11:07:47,AM,85,9
4/4/2019,11:07:48,AM,88,9
4/4/2019,11:07:49,AM,90,9
4/4/2019,11:07:50,AM,93,9
4/4/2019,11:07:51,AM,95,9
4/4/2019,11:07:52,AM,97,9
4/4/2019,11:07:53,AM,96,9
4/4/2019,11:07:54,AM,97,9
4/4/2019,11:07:55,AM,100,9
4/4/2019,11:07:56,AM,101,9
4/4/2019,11:07:57,AM,101,9
4/4/2019,11:07:58,AM,98,9
4/4/2019,11:07:59,AM,93,9
4/4/2019,11:08:00,AM,89,9
4/4/2019,11:08:01,AM,88,9
4/4/2019,11:08:02,AM,88,9
4/4/2019,11:08:03,AM,89,9
4/4/2019,11:08:04,AM,90,9
4/4/2019,11:08:05,AM,91,9
4/4/2019,11:08:06,AM,92,9
4/4/2019,11:08:07,AM,92,9
4/4/2019,11:08:08,AM,90,9
4/4/2019,11:08:09,AM,88,9
4/4/2019,11:08:10,AM,85,9
4/4/2019,11:08:11,AM,84,9
4/4/2019,11:08:12,AM,85,9
4/4/2019,11:08:13,AM,88,9
4/4/2019,11:08:14,AM,90,9
4/4/2019,11:08:15,AM,93,9
4/4/2019,11:08:16,AM,91,9
4/4/2019,11:08:17,AM,88,9
4/4/2019,11:08:18,AM,84,9
4/4/2019,11:08:19,AM,83,9
4/4/2019,11:08:20,AM,83,9
4/4/2019,11:08:21,AM,85,9
4/4/2019,11:08:22,AM,89,9
4/4/2019,11:08:23,AM,91,9
4/4/2019,11:08:24,AM,91,9
4/4/2019,11:08:25,AM,87,9
4/4/2019,11:08:26,AM,84,9
4/4/2019,11:08:27,AM,82,9
4/4/2019,11:08:28,AM,85,9
4/4/2019,11:08:29,AM,88,9
4/4/2019,11:08:30,AM,93,9
4/4/2019,11:08:31,AM,96,9
4/4/2019,11:08:32,AM,95,9
4/4/2019,11:08:33,AM,91,9
4/4/2019,11:08:34,AM,88,9
4/4/2019,11:08:35,AM,86,8
4/4/2019,11:08:36,AM,87,8
4/4/2019,11:08:37,AM,87,8
4/4/2019,11:08:38,AM,87,8
4/4/2019,11:08:39,AM,88,8
4/4/2019,11:08:40,AM,90,8
4/4/2019,11:08:41,AM,91,8
4/4/2019,11:08:42,AM,89,8
4/4/2019,11:08:43,AM,86,8
4/4/2019,11:08:44,AM,85,8
4/4/2019,11:08:45,AM,87,8
4/4/2019,11:08:46,AM,91,8
4/4/2019,11:08:47,AM,93,8
4/4/2019,11:08:48,AM,97,8
4/4/2019,11:08:49,AM,99,8
4/4/2019,11:08:50,AM,98,8
4/4/2019,11:08:51,AM,95,8
4/4/2019,11:08:52,AM,91,8
4/4/2019,11:08:53,AM,89,8
4/4/2019,11:08:54,AM,88,8
4/4/2019,11:08:55,AM,90,8
4/4/2019,11:08:56,AM,94,8
4/4/2019,11:08:57,AM,98,8
4/4/2019,11:08:58,AM,99,8
4/4/2019,11:09:00,AM,93,8
4/4/2019,11:09:01,AM,91,8
4/4/2019,11:09:02,AM,95,8
4/4/2019,11:09:03,AM,98,8
4/4/2019,11:09:04,AM,100,8
4/4/2019,11:09:05,AM,100,8
4/4/2019,11:09:06,AM,100,8
4/4/2019,11:09:07,AM,98,7
4/4/2019,11:09:08,AM,97,7
4/4/2019,11:09:09,AM,96,7
4/4/2019,11:09:10,AM,93,7
4/4/2019,11:09:11,AM,90,7
4/4/2019,11:09:12,AM,88,7
4/4/2019,11:09:13,AM,87,7
4/4/2019,11:09:14,AM,87,7
4/4/2019,11:09:15,AM,89,8
4/4/2019,11:09:16,AM,90,8
4/4/2019,11:09:17,AM,90,8
4/4/2019,11:09:18,AM,90,8
4/4/2019,11:09:19,AM,89,8
4/4/2019,11:09:20,AM,89,8
4/4/2019,11:09:21,AM,91,8
4/4/2019,11:09:22,AM,92,8
4/4/2019,11:09:23,AM,91,8
4/4/2019,11:09:24,AM,87,8
4/4/2019,11:09:25,AM,86,8
4/4/2019,11:09:26,AM,87,8
4/4/2019,11:09:27,AM,91,8
4/4/2019,11:09:28,AM,95,8
4/4/2019,11:09:29,AM,98,8
4/4/2019,11:09:30,AM,99,8
4/4/2019,11:09:31,AM,100,8
4/4/2019,11:09:32,AM,100,8
4/4/2019,11:09:33,AM,102,8
4/4/2019,11:09:34,AM,106,8
4/4/2019,11:09:35,AM,106,8
4/4/2019,11:09:36,AM,106,8
4/4/2019,11:09:37,AM,101,8
4/4/2019,11:09:38,AM,97,8
4/4/2019,11:09:39,AM,93,8
4/4/2019,11:09:40,AM,88,8
4/4/2019,11:09:41,AM,86,8
4/4/2019,11:09:42,AM,89,8
4/4/2019,11:09:43,AM,91,8
4/4/2019,11:09:44,AM,94,8
4/4/2019,11:09:45,AM,96,8
4/4/2019,11:09:46,AM,96,8
4/4/2019,11:09:47,AM,94,8
4/4/2019,11:09:48,AM,93,8
4/4/2019,11:09:49,AM,94,8
4/4/2019,11:09:50,AM,95,8
4/4/2019,11:09:51,AM,93,8
4/4/2019,11:09:52,AM,88,8
4/4/2019,11:09:53,AM,84,8
4/4/2019,11:09:54,AM,83,8
4/4/2019,11:09:55,AM,86,8
4/4/2019,11:09:56,AM,91,8
4/4/2019,11:09:57,AM,95,8
4/4/2019,11:09:58,AM,97,8
4/4/2019,11:09:59,AM,97,8
4/4/2019,11:10:00,AM,97,8
4/4/2019,11:10:01,AM,97,7
4/4/2019,11:10:02,AM,95,7
4/4/2019,11:10:03,AM,95,7
4/4/2019,11:10:04,AM,95,7
4/4/2019,11:10:05,AM,96,7
4/4/2019,11:10:06,AM,97,7
4/4/2019,11:10:07,AM,98,7
4/4/2019,11:10:08,AM,96,7
4/4/2019,11:10:09,AM,93,7
4/4/2019,11:10:10,AM,90,7
4/4/2019,11:10:11,AM,89,7
4/4/2019,11:10:12,AM,89,7
4/4/2019,11:10:13,AM,91,7
4/4/2019,11:10:14,AM,94,7
4/4/2019,11:10:15,AM,98,7
4/4/2019,11:10:16,AM,102,7
4/4/2019,11:10:17,AM,104,7
4/4/2019,11:10:19,AM,106,8
4/4/2019,11:10:20,AM,108,8
4/4/2019,11:10:21,AM,108,8
4/4/2019,11:10:22,AM,108,8
4/4/2019,11:10:23,AM,108,9
4/4/2019,11:10:24,AM,106,9
4/4/2019,11:10:25,AM,106,10
4/4/2019,11:10:26,AM,106,10
4/4/2019,11:10:27,AM,107,11
4/4/2019,11:10:28,AM,107,11
4/4/2019,11:10:29,AM,105,12
4/4/2019,11:10:30,AM,101,12
4/4/2019,11:10:31,AM,98,13
4/4/2019,11:10:32,AM,94,13
4/4/2019,11:10:33,AM,92,13
4/4/2019,11:10:34,AM,94,13
4/4/2019,11:10:35,AM,97,13
4/4/2019,11:10:36,AM,98,13
4/4/2019,11:10:37,AM,98,14
4/4/2019,11:10:38,AM,97,14
4/4/2019,11:10:39,AM,99,14
4/4/2019,11:10:40,AM,101,14
4/4/2019,11:10:41,AM,103,15
4/4/2019,11:10:42,AM,104,15
4/4/2019,11:10:43,AM,104,15
4/4/2019,11:10:44,AM,105,15
4/4/2019,11:10:45,AM,107,15
4/4/2019,11:10:46,AM,108,15
4/4/2019,11:10:47,AM,109,15
4/4/2019,11:10:48,AM,106,15
4/4/2019,11:10:49,AM,102,15
4/4/2019,11:10:50,AM,99,15
4/4/2019,11:10:51,AM,95,16
4/4/2019,11:10:52,AM,92,16
4/4/2019,11:10:53,AM,82,15
4/4/2019,11:10:54,AM,78,15
4/4/2019,11:10:55,AM,80,15
4/4/2019,11:10:56,AM,83,15
4/4/2019,11:10:57,AM,86,15
4/4/2019,11:10:58,AM,89,15
4/4/2019,11:10:59,AM,90,16
4/4/2019,11:11:00,AM,88,16
4/4/2019,11:11:01,AM,87,16
4/4/2019,11:11:02,AM,85,16
4/4/2019,11:11:03,AM,85,16
4/4/2019,11:11:04,AM,84,16
4/4/2019,11:11:05,AM,84,16
4/4/2019,11:11:06,AM,85,16
4/4/2019,11:11:07,AM,86,16
4/4/2019,11:11:08,AM,89,16
4/4/2019,11:11:09,AM,90,16
4/4/2019,11:11:10,AM,92,16
4/4/2019,11:11:11,AM,93,16
4/4/2019,11:11:12,AM,93,16
4/4/2019,11:11:13,AM,92,17
4/4/2019,11:11:14,AM,89,17
4/4/2019,11:11:15,AM,87,17
4/4/2019,11:11:16,AM,89,17
4/4/2019,11:11:17,AM,92,17
4/4/2019,11:11:18,AM,94,17
4/4/2019,11:11:19,AM,95,18
4/4/2019,11:11:20,AM,97,18
4/4/2019,11:11:21,AM,97,17
4/4/2019,11:11:22,AM,98,17
4/4/2019,11:11:23,AM,98,17
4/4/2019,11:11:24,AM,99,17
4/4/2019,11:11:25,AM,100,17
4/4/2019,11:11:26,AM,99,17
4/4/2019,11:11:27,AM,98,16
4/4/2019,11:11:28,AM,97,16
4/4/2019,11:11:30,AM,99,16
4/4/2019,11:11:31,AM,98,16
4/4/2019,11:11:32,AM,98,16
4/4/2019,11:11:33,AM,100,15
4/4/2019,11:11:34,AM,102,15
4/4/2019,11:11:35,AM,105,15
4/4/2019,11:11:36,AM,106,15
4/4/2019,11:11:37,AM,103,15
4/4/2019,11:11:38,AM,99,15
4/4/2019,11:11:39,AM,93,14
4/4/2019,11:11:40,AM,90,14
4/4/2019,11:11:41,AM,89,14
4/4/2019,11:11:42,AM,88,14
4/4/2019,11:11:43,AM,89,14
4/4/2019,11:11:44,AM,90,14
4/4/2019,11:11:45,AM,91,14
4/4/2019,11:11:46,AM,93,14
4/4/2019,11:11:47,AM,95,15
4/4/2019,11:11:48,AM,98,15
4/4/2019,11:11:49,AM,99,15
4/4/2019,11:11:50,AM,97,15
4/4/2019,11:11:51,AM,93,16
4/4/2019,11:11:52,AM,90,16
4/4/2019,11:11:53,AM,89,16
4/4/2019,11:11:54,AM,90,16
4/4/2019,11:11:55,AM,93,16
4/4/2019,11:11:56,AM,95,16
4/4/2019,11:11:57,AM,97,16
4/4/2019,11:11:58,AM,98,16
4/4/2019,11:11:59,AM,98,16
4/4/2019,11:12:00,AM,97,16
4/4/2019,11:12:01,AM,94,16
4/4/2019,11:12:02,AM,93,16
4/4/2019,11:12:03,AM,94,17
4/4/2019,11:12:04,AM,94,17
4/4/2019,11:12:05,AM,93,16
4/4/2019,11:12:06,AM,93,16
4/4/2019,11:12:07,AM,95,16
4/4/2019,11:12:08,AM,96,16
4/4/2019,11:12:09,AM,97,16
4/4/2019,11:12:10,AM,98,16
4/4/2019,11:12:11,AM,97,16
4/4/2019,11:12:12,AM,99,16
4/4/2019,11:12:13,AM,100,16
4/4/2019,11:12:14,AM,101,16
4/4/2019,11:12:15,AM,102,16
4/4/2019,11:12:16,AM,104,16
4/4/2019,11:12:17,AM,106,16
4/4/2019,11:12:18,AM,105,16
4/4/2019,11:12:19,AM,102,16
4/4/2019,11:12:20,AM,96,16
4/4/2019,11:12:21,AM,92,16
4/4/2019,11:12:22,AM,87,16
4/4/2019,11:12:23,AM,86,16
4/4/2019,11:12:24,AM,89,16
4/4/2019,11:12:25,AM,92,16
4/4/2019,11:12:26,AM,95,16
4/4/2019,11:12:27,AM,98,16
4/4/2019,11:12:28,AM,101,16
4/4/2019,11:12:29,AM,101,17
4/4/2019,11:12:30,AM,99,17
4/4/2019,11:12:31,AM,94,17
4/4/2019,11:12:32,AM,92,17
4/4/2019,11:12:33,AM,89,17
4/4/2019,11:12:34,AM,86,17
4/4/2019,11:12:35,AM,85,17
4/4/2019,11:12:36,AM,87,17
4/4/2019,11:12:37,AM,91,18
4/4/2019,11:12:38,AM,92,18
4/4/2019,11:12:39,AM,94,18
4/4/2019,11:12:40,AM,94,18
4/4/2019,11:12:41,AM,95,18
4/4/2019,11:12:42,AM,95,18
4/4/2019,11:12:44,AM,91,18
4/4/2019,11:12:45,AM,89,18
4/4/2019,11:12:46,AM,90,18
4/4/2019,11:12:47,AM,92,18
4/4/2019,11:12:48,AM,93,18
4/4/2019,11:12:49,AM,93,17
4/4/2019,11:12:50,AM,93,17
4/4/2019,11:12:51,AM,93,17
4/4/2019,11:12:52,AM,93,17
4/4/2019,11:12:53,AM,93,17
4/4/2019,11:12:54,AM,92,17
4/4/2019,11:12:55,AM,92,16
4/4/2019,11:12:56,AM,90,16
4/4/2019,11:12:57,AM,90,16
4/4/2019,11:12:58,AM,91,16
4/4/2019,11:12:59,AM,91,16
4/4/2019,11:13:00,AM,92,16
4/4/2019,11:13:01,AM,92,16
4/4/2019,11:13:02,AM,93,16
4/4/2019,11:13:03,AM,94,15
4/4/2019,11:13:04,AM,94,15
4/4/2019,11:13:05,AM,94,15
4/4/2019,11:13:06,AM,95,15
4/4/2019,11:13:07,AM,95,15
4/4/2019,11:13:08,AM,96,15
4/4/2019,11:13:09,AM,98,15
4/4/2019,11:13:10,AM,101,15
4/4/2019,11:13:11,AM,103,15
4/4/2019,11:13:12,AM,104,15
4/4/2019,11:13:13,AM,105,15
4/4/2019,11:13:14,AM,104,15
4/4/2019,11:13:15,AM,101,15
4/4/2019,11:13:16,AM,99,15
4/4/2019,11:13:17,AM,100,15
4/4/2019,11:13:18,AM,102,15
4/4/2019,11:13:19,AM,104,15
4/4/2019,11:13:20,AM,106,15
4/4/2019,11:13:21,AM,104,16
4/4/2019,11:13:22,AM,100,16
4/4/2019,11:13:23,AM,97,16
4/4/2019,11:13:24,AM,96,16
4/4/2019,11:13:25,AM,97,16
4/4/2019,11:13:26,AM,100,16
4/4/2019,11:13:27,AM,103,16
4/4/2019,11:13:28,AM,105,16
4/4/2019,11:13:29,AM,106,16
4/4/2019,11:13:30,AM,107,16
4/4/2019,11:13:31,AM,107,16
4/4/2019,11:13:32,AM,108,16
4/4/2019,11:13:33,AM,109,16
4/4/2019,11:13:34,AM,109,16
4/4/2019,11:13:35,AM,109,16
4/4/2019,11:13:36,AM,106,16
4/4/2019,11:13:37,AM,102,16
4/4/2019,11:13:38,AM,96,16
4/4/2019,11:13:39,AM,91,16
4/4/2019,11:13:40,AM,88,16
4/4/2019,11:13:41,AM,88,16
4/4/2019,11:13:42,AM,87,16
4/4/2019,11:13:43,AM,87,16
4/4/2019,11:13:44,AM,88,16
4/4/2019,11:13:45,AM,87,16
4/4/2019,11:13:46,AM,86,16
4/4/2019,11:13:47,AM,86,17
4/4/2019,11:13:48,AM,90,17
4/4/2019,11:13:49,AM,93,17
4/4/2019,11:13:50,AM,97,17
4/4/2019,11:13:51,AM,99,17
4/4/2019,11:13:52,AM,97,17
4/4/2019,11:13:53,AM,92,18
4/4/2019,11:13:55,AM,88,18
4/4/2019,11:13:56,AM,88,18
4/4/2019,11:13:57,AM,89,18
4/4/2019,11:13:58,AM,92,18
4/4/2019,11:13:59,AM,96,18
4/4/2019,11:14:00,AM,97,18
4/4/2019,11:14:01,AM,91,18
4/4/2019,11:14:02,AM,86,18
4/4/2019,11:14:03,AM,85,18
4/4/2019,11:14:04,AM,87,18
4/4/2019,11:14:05,AM,90,18
4/4/2019,11:14:06,AM,91,18
4/4/2019,11:14:07,AM,92,18
4/4/2019,11:14:08,AM,90,18
4/4/2019,11:14:09,AM,87,17
4/4/2019,11:14:10,AM,86,17
4/4/2019,11:14:11,AM,87,17
4/4/2019,11:14:12,AM,91,17
4/4/2019,11:14:13,AM,94,16
4/4/2019,11:14:14,AM,96,16
4/4/2019,11:14:15,AM,99,16
4/4/2019,11:14:16,AM,101,16
4/4/2019,11:14:17,AM,100,16
4/4/2019,11:14:18,AM,96,16
4/4/2019,11:14:19,AM,93,15
4/4/2019,11:14:20,AM,90,15
4/4/2019,11:14:21,AM,88,15
4/4/2019,11:14:22,AM,89,15
4/4/2019,11:14:23,AM,91,15
4/4/2019,11:14:24,AM,93,15
4/4/2019,11:14:25,AM,93,14
4/4/2019,11:14:26,AM,93,14
4/4/2019,11:14:27,AM,92,14
4/4/2019,11:14:28,AM,90,14
4/4/2019,11:14:29,AM,89,14
4/4/2019,11:14:30,AM,88,14
4/4/2019,11:14:31,AM,87,15
4/4/2019,11:14:32,AM,87,15
4/4/2019,11:14:33,AM,88,15
4/4/2019,11:14:34,AM,89,15
4/4/2019,11:14:35,AM,90,16
4/4/2019,11:14:36,AM,90,16
4/4/2019,11:14:37,AM,89,17
4/4/2019,11:14:38,AM,89,17
4/4/2019,11:14:39,AM,90,19
4/4/2019,11:14:40,AM,92,19
4/4/2019,11:14:41,AM,93,19
4/4/2019,11:14:42,AM,92,19
4/4/2019,11:14:43,AM,90,20
4/4/2019,11:14:44,AM,89,20
4/4/2019,11:14:45,AM,87,20
4/4/2019,11:14:46,AM,86,20
4/4/2019,11:14:47,AM,86,20
4/4/2019,11:14:48,AM,87,20
4/4/2019,11:14:49,AM,89,20
4/4/2019,11:14:50,AM,91,20
4/4/2019,11:14:51,AM,93,20
4/4/2019,11:14:52,AM,93,20
4/4/2019,11:14:53,AM,93,19
4/4/2019,11:14:54,AM,92,19
4/4/2019,11:14:55,AM,92,19
4/4/2019,11:14:56,AM,92,19
4/4/2019,11:14:57,AM,92,19
4/4/2019,11:14:58,AM,93,19
4/4/2019,11:14:59,AM,95,19
4/4/2019,11:15:00,AM,97,19
4/4/2019,11:15:01,AM,98,18
4/4/2019,11:15:02,AM,99,18
4/4/2019,11:15:03,AM,96,18
4/4/2019,11:15:04,AM,92,18
4/4/2019,11:15:05,AM,87,18
4/4/2019,11:15:06,AM,84,18
4/4/2019,11:15:07,AM,84,17
4/4/2019,11:15:09,AM,85,17
4/4/2019,11:15:10,AM,88,17
4/4/2019,11:15:11,AM,90,17
4/4/2019,11:15:12,AM,95,17
4/4/2019,11:15:13,AM,98,17
4/4/2019,11:15:14,AM,98,17
4/4/2019,11:15:15,AM,94,16
4/4/2019,11:15:16,AM,90,16
4/4/2019,11:15:17,AM,85,16
4/4/2019,11:15:18,AM,84,16
4/4/2019,11:15:19,AM,84,16
4/4/2019,11:15:20,AM,85,16
4/4/2019,11:15:21,AM,85,16
4/4/2019,11:15:22,AM,86,16
4/4/2019,11:15:23,AM,89,15
4/4/2019,11:15:24,AM,92,15
4/4/2019,11:15:25,AM,92,15
4/4/2019,11:15:26,AM,89,15
4/4/2019,11:15:27,AM,87,15
4/4/2019,11:15:28,AM,85,15
4/4/2019,11:15:29,AM,87,15
4/4/2019,11:15:30,AM,89,15
4/4/2019,11:15:31,AM,92,15
4/4/2019,11:15:32,AM,93,15
4/4/2019,11:15:33,AM,94,14
4/4/2019,11:15:34,AM,94,14
4/4/2019,11:15:35,AM,93,14
4/4/2019,11:15:36,AM,92,14
4/4/2019,11:15:37,AM,91,14
4/4/2019,11:15:38,AM,90,14
4/4/2019,11:15:39,AM,90,14
4/4/2019,11:15:40,AM,91,14
4/4/2019,11:15:41,AM,92,14
4/4/2019,11:15:42,AM,93,14
4/4/2019,11:15:43,AM,93,14
4/4/2019,11:15:44,AM,93,14
4/4/2019,11:15:45,AM,95,15
4/4/2019,11:15:46,AM,96,15
4/4/2019,11:15:47,AM,98,15
4/4/2019,11:15:48,AM,99,15
4/4/2019,11:15:49,AM,100,16
4/4/2019,11:15:50,AM,98,16
4/4/2019,11:15:51,AM,97,16
4/4/2019,11:15:52,AM,95,16
4/4/2019,11:15:53,AM,93,16
4/4/2019,11:15:54,AM,92,16
4/4/2019,11:15:55,AM,91,17
4/4/2019,11:15:56,AM,91,17
4/4/2019,11:15:57,AM,91,16
4/4/2019,11:15:58,AM,90,16
4/4/2019,11:15:59,AM,91,16
4/4/2019,11:16:00,AM,92,16
4/4/2019,11:16:01,AM,92,16
4/4/2019,11:16:02,AM,93,16
4/4/2019,11:16:03,AM,92,16
4/4/2019,11:16:04,AM,91,16
4/4/2019,11:16:05,AM,92,16
4/4/2019,11:16:06,AM,92,16
4/4/2019,11:16:07,AM,92,16
4/4/2019,11:16:08,AM,94,16
4/4/2019,11:16:09,AM,96,16
4/4/2019,11:16:10,AM,97,16
4/4/2019,11:16:11,AM,97,16
4/4/2019,11:16:12,AM,97,16
4/4/2019,11:16:13,AM,98,16
4/4/2019,11:16:14,AM,98,16
4/4/2019,11:16:15,AM,100,16
4/4/2019,11:16:16,AM,101,16
4/4/2019,11:16:17,AM,102,15
4/4/2019,11:16:18,AM,103,15
4/4/2019,11:16:19,AM,103,15
4/4/2019,11:16:20,AM,101,15
4/4/2019,11:16:21,AM,99,15
4/4/2019,11:16:22,AM,98,15
4/4/2019,11:16:23,AM,99,15
4/4/2019,11:16:24,AM,99,15
4/4/2019,11:16:25,AM,100,15
4/4/2019,11:16:26,AM,101,15
4/4/2019,11:16:28,AM,104,15
4/4/2019,11:16:29,AM,105,14
4/4/2019,11:16:30,AM,107,14
4/4/2019,11:16:31,AM,108,14
4/4/2019,11:16:32,AM,108,14
4/4/2019,11:16:33,AM,106,14
4/4/2019,11:16:34,AM,102,14
4/4/2019,11:16:35,AM,97,15
4/4/2019,11:16:36,AM,94,15
4/4/2019,11:16:37,AM,90,15
4/4/2019,11:16:38,AM,86,15
4/4/2019,11:16:39,AM,80,15
4/4/2019,11:16:40,AM,79,15
4/4/2019,11:16:41,AM,81,16
4/4/2019,11:16:42,AM,83,16
4/4/2019,11:16:43,AM,84,16
4/4/2019,11:16:44,AM,87,16
4/4/2019,11:16:45,AM,90,16
4/4/2019,11:16:46,AM,95,16
4/4/2019,11:16:47,AM,98,16
4/4/2019,11:16:48,AM,101,16
4/4/2019,11:16:49,AM,97,16
4/4/2019,11:16:50,AM,94,16
4/4/2019,11:16:51,AM,90,16
4/4/2019,11:16:52,AM,89,16
4/4/2019,11:16:53,AM,93,16
4/4/2019,11:16:54,AM,94,16
4/4/2019,11:16:55,AM,89,16
4/4/2019,11:16:56,AM,84,16
4/4/2019,11:16:57,AM,79,16
4/4/2019,11:16:58,AM,78,16
4/4/2019,11:16:59,AM,78,15
4/4/2019,11:17:00,AM,80,15
4/4/2019,11:17:01,AM,82,15
4/4/2019,11:17:02,AM,84,15
4/4/2019,11:17:03,AM,86,15
4/4/2019,11:17:04,AM,88,15
4/4/2019,11:17:05,AM,90,14
4/4/2019,11:17:06,AM,92,14
4/4/2019,11:17:07,AM,93,14
4/4/2019,11:17:08,AM,92,14
4/4/2019,11:17:09,AM,89,14
4/4/2019,11:17:10,AM,88,14
4/4/2019,11:17:11,AM,89,14
4/4/2019,11:17:12,AM,89,14
4/4/2019,11:17:13,AM,91,14
4/4/2019,11:17:14,AM,92,14
4/4/2019,11:17:15,AM,91,15
4/4/2019,11:17:16,AM,88,15
4/4/2019,11:17:17,AM,86,16
4/4/2019,11:17:18,AM,87,16
4/4/2019,11:17:19,AM,89,16
4/4/2019,11:17:20,AM,90,16
4/4/2019,11:17:21,AM,90,17
4/4/2019,11:17:22,AM,91,17
4/4/2019,11:17:23,AM,93,17
4/4/2019,11:17:24,AM,94,17
4/4/2019,11:17:25,AM,92,17
4/4/2019,11:17:26,AM,89,17
4/4/2019,11:17:27,AM,87,18
4/4/2019,11:17:28,AM,86,18
4/4/2019,11:17:29,AM,87,17
4/4/2019,11:17:30,AM,89,17
4/4/2019,11:17:31,AM,93,17
4/4/2019,11:17:32,AM,95,17
4/4/2019,11:17:33,AM,93,17
4/4/2019,11:17:34,AM,92,17
4/4/2019,11:17:35,AM,92,17
4/4/2019,11:17:36,AM,93,17
4/4/2019,11:17:37,AM,94,17
4/4/2019,11:17:38,AM,94,17
4/4/2019,11:17:39,AM,95,16
4/4/2019,11:17:40,AM,94,16
4/4/2019,11:17:41,AM,93,16
4/4/2019,11:17:42,AM,92,16
4/4/2019,11:17:43,AM,90,16
4/4/2019,11:17:44,AM,87,16
4/4/2019,11:17:45,AM,85,15
4/4/2019,11:17:47,AM,88,15
4/4/2019,11:17:48,AM,94,15
4/4/2019,11:17:49,AM,98,14
4/4/2019,11:17:50,AM,100,14
4/4/2019,11:17:51,AM,100,14
4/4/2019,11:17:52,AM,98,14
4/4/2019,11:17:53,AM,93,13
4/4/2019,11:17:54,AM,91,13
4/4/2019,11:17:55,AM,90,13
4/4/2019,11:17:56,AM,91,13
4/4/2019,11:17:57,AM,93,12
4/4/2019,11:17:58,AM,94,12
4/4/2019,11:17:59,AM,96,12
4/4/2019,11:18:00,AM,97,12
4/4/2019,11:18:01,AM,96,12
4/4/2019,11:18:02,AM,91,12
4/4/2019,11:18:03,AM,87,11
4/4/2019,11:18:04,AM,83,11
4/4/2019,11:18:05,AM,80,11
4/4/2019,11:18:06,AM,83,11
4/4/2019,11:18:07,AM,86,11
4/4/2019,11:18:08,AM,91,11
4/4/2019,11:18:09,AM,96,10
4/4/2019,11:18:10,AM,98,10
4/4/2019,11:18:11,AM,100,10
4/4/2019,11:18:12,AM,102,10
4/4/2019,11:18:13,AM,103,10
4/4/2019,11:18:14,AM,101,10
4/4/2019,11:18:15,AM,98,9
4/4/2019,11:18:16,AM,93,9
4/4/2019,11:18:17,AM,89,9
4/4/2019,11:18:18,AM,88,9
4/4/2019,11:18:19,AM,89,9
4/4/2019,11:18:20,AM,90,9
4/4/2019,11:18:21,AM,92,9
4/4/2019,11:18:22,AM,93,9
4/4/2019,11:18:23,AM,94,8
4/4/2019,11:18:24,AM,94,8
4/4/2019,11:18:25,AM,90,8
4/4/2019,11:18:26,AM,85,8
4/4/2019,11:18:27,AM,81,8
4/4/2019,11:18:28,AM,77,8
4/4/2019,11:18:29,AM,76,8
4/4/2019,11:18:30,AM,77,8
4/4/2019,11:18:31,AM,80,8
4/4/2019,11:18:32,AM,83,8
4/4/2019,11:18:33,AM,86,8
4/4/2019,11:18:34,AM,90,8
4/4/2019,11:18:35,AM,91,8
4/4/2019,11:18:36,AM,87,8
4/4/2019,11:18:37,AM,84,8
4/4/2019,11:18:38,AM,81,8
4/4/2019,11:18:39,AM,80,8
4/4/2019,11:18:40,AM,81,8
4/4/2019,11:18:41,AM,83,8
4/4/2019,11:18:42,AM,85,8
4/4/2019,11:18:43,AM,87,8
4/4/2019,11:18:44,AM,89,8
4/4/2019,11:18:45,AM,90,8
4/4/2019,11:18:46,AM,89,8
4/4/2019,11:18:47,AM,86,7
4/4/2019,11:18:48,AM,84,7
4/4/2019,11:18:49,AM,84,7
4/4/2019,11:18:50,AM,85,7
4/4/2019,11:18:51,AM,89,7
4/4/2019,11:18:52,AM,94,7
4/4/2019,11:18:53,AM,97,7
4/4/2019,11:18:54,AM,98,7
4/4/2019,11:18:55,AM,99,7
4/4/2019,11:18:56,AM,99,7
4/4/2019,11:18:57,AM,99,7
4/4/2019,11:18:58,AM,96,7
4/4/2019,11:18:59,AM,94,7
4/4/2019,11:19:00,AM,93,7
4/4/2019,11:19:01,AM,93,7
4/4/2019,11:19:02,AM,93,7
4/4/2019,11:19:03,AM,93,7
4/4/2019,11:19:04,AM,92,7
4/4/2019,11:19:05,AM,92,7
4/4/2019,11:19:06,AM,96,7
4/4/2019,11:19:07,AM,100,7
4/4/2019,11:19:08,AM,102,7
4/4/2019,11:19:09,AM,103,7
4/4/2019,11:19:10,AM,101,7
4/4/2019,11:19:11,AM,96,8
4/4/2019,11:19:13,AM,89,8
4/4/2019,11:19:14,AM,89,8
4/4/2019,11:19:15,AM,91,8
4/4/2019,11:19:16,AM,95,8
4/4/2019,11:19:17,AM,98,8
4/4/2019,11:19:18,AM,98,8
4/4/2019,11:19:19,AM,95,8
4/4/2019,11:19:20,AM,90,8
4/4/2019,11:19:21,AM,86,8
4/4/2019,11:19:22,AM,85,8
4/4/2019,11:19:23,AM,86,8
4/4/2019,11:19:24,AM,88,8
4/4/2019,11:19:25,AM,89,8
4/4/2019,11:19:26,AM,90,8
4/4/2019,11:19:27,AM,91,8
4/4/2019,11:19:28,AM,93,8
4/4/2019,11:19:29,AM,94,9
4/4/2019,11:19:30,AM,95,9
4/4/2019,11:19:31,AM,93,9
4/4/2019,11:19:32,AM,92,9
4/4/2019,11:19:33,AM,92,9
4/4/2019,11:19:34,AM,92,9
4/4/2019,11:19:35,AM,91,9
4/4/2019,11:19:36,AM,91,9
4/4/2019,11:19:37,AM,93,9
4/4/2019,11:19:38,AM,96,9
4/4/2019,11:19:39,AM,96,9
4/4/2019,11:19:40,AM,92,9
4/4/2019,11:19:41,AM,91,9
4/4/2019,11:19:42,AM,92,9
4/4/2019,11:19:43,AM,93,9
4/4/2019,11:19:44,AM,95,9
4/4/2019,11:19:45,AM,96,9
4/4/2019,11:19:46,AM,96,9
4/4/2019,11:19:47,AM,94,9
4/4/2019,11:19:48,AM,91,9
4/4/2019,11:19:49,AM,88,9
4/4/2019,11:19:50,AM,86,9
4/4/2019,11:19:51,AM,85,9
4/4/2019,11:19:52,AM,87,9
4/4/2019,11:19:53,AM,89,9
4/4/2019,11:19:54,AM,90,9
4/4/2019,11:19:55,AM,89,10
4/4/2019,11:19:56,AM,88,10
4/4/2019,11:19:57,AM,87,10
4/4/2019,11:19:58,AM,87,10
4/4/2019,11:19:59,AM,89,9
4/4/2019,11:20:00,AM,89,9
4/4/2019,11:20:01,AM,85,9
4/4/2019,11:20:02,AM,82,9
4/4/2019,11:20:03,AM,81,9
4/4/2019,11:20:04,AM,84,9
4/4/2019,11:20:05,AM,89,9
4/4/2019,11:20:06,AM,93,9
4/4/2019,11:20:07,AM,95,9
4/4/2019,11:20:08,AM,96,9
4/4/2019,11:20:09,AM,97,9
4/4/2019,11:20:10,AM,98,9
4/4/2019,11:20:11,AM,98,9
4/4/2019,11:20:12,AM,95,9
4/4/2019,11:20:13,AM,92,9
4/4/2019,11:20:14,AM,89,9
4/4/2019,11:20:15,AM,87,9
4/4/2019,11:20:16,AM,88,9
4/4/2019,11:20:17,AM,90,9
4/4/2019,11:20:18,AM,92,9
4/4/2019,11:20:19,AM,93,9
4/4/2019,11:20:20,AM,89,9
4/4/2019,11:20:21,AM,86,9
4/4/2019,11:20:22,AM,84,9
4/4/2019,11:20:23,AM,85,9
4/4/2019,11:20:24,AM,87,9
4/4/2019,11:20:25,AM,90,8
4/4/2019,11:20:26,AM,91,8
4/4/2019,11:20:27,AM,90,8
4/4/2019,11:20:29,AM,86,8
4/4/2019,11:20:30,AM,86,8
4/4/2019,11:20:31,AM,88,8
4/4/2019,11:20:32,AM,90,8
4/4/2019,11:20:33,AM,91,9
4/4/2019,11:20:34,AM,92,9
4/4/2019,11:20:35,AM,91,9
4/4/2019,11:20:36,AM,90,9
4/4/2019,11:20:37,AM,91,9
4/4/2019,11:20:38,AM,93,9
4/4/2019,11:20:39,AM,94,9
4/4/2019,11:20:40,AM,93,9
4/4/2019,11:20:41,AM,93,9
4/4/2019,11:20:42,AM,95,9
4/4/2019,11:20:43,AM,96,9
4/4/2019,11:20:44,AM,97,9
4/4/2019,11:20:45,AM,98,9
4/4/2019,11:20:46,AM,99,9
4/4/2019,11:20:47,AM,101,9
4/4/2019,11:20:48,AM,103,9
4/4/2019,11:20:49,AM,104,9
4/4/2019,11:20:50,AM,106,9
4/4/2019,11:20:51,AM,103,9
4/4/2019,11:20:52,AM,99,9
4/4/2019,11:20:53,AM,93,9
4/4/2019,11:20:54,AM,91,9
4/4/2019,11:20:55,AM,90,9
4/4/2019,11:20:56,AM,90,9
4/4/2019,11:20:57,AM,92,9
4/4/2019,11:20:58,AM,94,9
4/4/2019,11:20:59,AM,94,9
4/4/2019,11:21:00,AM,90,9
4/4/2019,11:21:01,AM,85,8
4/4/2019,11:21:02,AM,82,8
4/4/2019,11:21:03,AM,83,8
4/4/2019,11:21:04,AM,84,8
4/4/2019,11:21:05,AM,85,8
4/4/2019,11:21:06,AM,87,8
4/4/2019,11:21:07,AM,89,8
4/4/2019,11:21:08,AM,89,8
4/4/2019,11:21:09,AM,88,8
4/4/2019,11:21:10,AM,87,8
4/4/2019,11:21:11,AM,85,8
4/4/2019,11:21:12,AM,85,8
4/4/2019,11:21:13,AM,86,8
4/4/2019,11:21:14,AM,87,8
4/4/2019,11:21:15,AM,88,8
4/4/2019,11:21:16,AM,91,8
4/4/2019,11:21:17,AM,92,8
4/4/2019,11:21:18,AM,91,8
4/4/2019,11:21:19,AM,91,8
4/4/2019,11:21:20,AM,94,8
4/4/2019,11:21:21,AM,95,9
4/4/2019,11:21:22,AM,96,9
4/4/2019,11:21:23,AM,98,9
4/4/2019,11:21:24,AM,99,9
4/4/2019,11:21:25,AM,99,9
4/4/2019,11:21:26,AM,99,9
4/4/2019,11:21:27,AM,99,9
4/4/2019,11:21:28,AM,100,9
4/4/2019,11:21:29,AM,98,10
4/4/2019,11:21:30,AM,94,10
4/4/2019,11:21:31,AM,91,10
4/4/2019,11:21:32,AM,89,10
4/4/2019,11:21:33,AM,87,10
4/4/2019,11:21:34,AM,85,10
4/4/2019,11:21:35,AM,85,10
4/4/2019,11:21:36,AM,86,10
4/4/2019,11:21:37,AM,88,10
4/4/2019,11:21:38,AM,91,10
4/4/2019,11:21:39,AM,91,11
4/4/2019,11:21:40,AM,90,11
4/4/2019,11:21:41,AM,89,11
4/4/2019,11:21:42,AM,90,11
4/4/2019,11:21:43,AM,91,11
4/4/2019,11:21:45,AM,92,11
4/4/2019,11:21:46,AM,91,11
4/4/2019,11:21:47,AM,91,11
4/4/2019,11:21:48,AM,92,11
4/4/2019,11:21:49,AM,93,11
4/4/2019,11:21:50,AM,93,11
4/4/2019,11:21:51,AM,93,11
4/4/2019,11:21:52,AM,90,11
4/4/2019,11:21:53,AM,87,11
4/4/2019,11:21:54,AM,86,11
4/4/2019,11:21:55,AM,86,11
4/4/2019,11:21:56,AM,89,11
4/4/2019,11:21:57,AM,91,11
4/4/2019,11:21:58,AM,93,11
4/4/2019,11:21:59,AM,92,11
4/4/2019,11:22:00,AM,90,11
4/4/2019,11:22:01,AM,90,11
4/4/2019,11:22:02,AM,90,11
4/4/2019,11:22:03,AM,92,11
4/4/2019,11:22:04,AM,93,11
4/4/2019,11:22:05,AM,94,11
4/4/2019,11:22:06,AM,95,11
4/4/2019,11:22:07,AM,97,11
4/4/2019,11:22:08,AM,97,11
4/4/2019,11:22:09,AM,96,11
4/4/2019,11:22:10,AM,94,11
4/4/2019,11:22:11,AM,93,11
4/4/2019,11:22:12,AM,94,11
4/4/2019,11:22:13,AM,93,11
4/4/2019,11:22:14,AM,90,11
4/4/2019,11:22:15,AM,87,11
4/4/2019,11:22:16,AM,85,11
4/4/2019,11:22:17,AM,87,11
4/4/2019,11:22:18,AM,89,11
4/4/2019,11:22:19,AM,91,11
4/4/2019,11:22:20,AM,94,11
4/4/2019,11:22:21,AM,95,11
4/4/2019,11:22:22,AM,93,11
4/4/2019,11:22:23,AM,89,11
4/4/2019,11:22:24,AM,87,11
4/4/2019,11:22:25,AM,89,11
4/4/2019,11:22:26,AM,93,11
4/4/2019,11:22:27,AM,96,11
4/4/2019,11:22:28,AM,100,11
4/4/2019,11:22:30,AM,104,10
4/4/2019,11:22:31,AM,102,10
4/4/2019,11:22:32,AM,96,10
4/4/2019,11:22:34,AM,89,10
4/4/2019,11:22:35,AM,89,10
4/4/2019,11:22:36,AM,91,10
4/4/2019,11:22:37,AM,93,10
4/4/2019,11:22:38,AM,94,10
4/4/2019,11:22:39,AM,95,10
4/4/2019,11:22:40,AM,95,10
4/4/2019,11:22:41,AM,94,10
4/4/2019,11:22:42,AM,89,10
4/4/2019,11:22:43,AM,84,10
4/4/2019,11:22:44,AM,81,10
4/4/2019,11:22:45,AM,82,10
4/4/2019,11:22:46,AM,87,10
4/4/2019,11:22:47,AM,92,10
4/4/2019,11:22:48,AM,95,10
4/4/2019,11:22:49,AM,95,10
4/4/2019,11:22:50,AM,95,10
4/4/2019,11:22:51,AM,95,9
4/4/2019,11:22:52,AM,94,9
4/4/2019,11:22:53,AM,92,9
4/4/2019,11:22:54,AM,90,9
4/4/2019,11:22:55,AM,88,9
4/4/2019,11:22:56,AM,88,9
4/4/2019,11:22:57,AM,89,9
4/4/2019,11:22:58,AM,91,9
4/4/2019,11:22:59,AM,92,10
4/4/2019,11:23:00,AM,92,10
4/4/2019,11:23:01,AM,92,10
4/4/2019,11:23:02,AM,93,10
4/4/2019,11:23:03,AM,93,10
4/4/2019,11:23:04,AM,91,10
4/4/2019,11:23:05,AM,89,10
4/4/2019,11:23:06,AM,88,10
4/4/2019,11:23:07,AM,87,10
4/4/2019,11:23:08,AM,87,10
4/4/2019,11:23:09,AM,89,10
4/4/2019,11:23:10,AM,91,10
4/4/2019,11:23:11,AM,93,10
4/4/2019,11:23:12,AM,95,10
4/4/2019,11:23:13,AM,96,10
4/4/2019,11:23:14,AM,96,10
4/4/2019,11:23:15,AM,93,11
4/4/2019,11:23:16,AM,91,11
4/4/2019,11:23:17,AM,91,11
4/4/2019,11:23:18,AM,92,11
4/4/2019,11:23:19,AM,91,11
4/4/2019,11:23:20,AM,87,11
4/4/2019,11:23:21,AM,83,12
4/4/2019,11:23:22,AM,82,12
4/4/2019,11:23:23,AM,84,12
4/4/2019,11:23:24,AM,88,12
4/4/2019,11:23:25,AM,93,12
4/4/2019,11:23:26,AM,97,12
4/4/2019,11:23:27,AM,98,12
4/4/2019,11:23:28,AM,99,12
4/4/2019,11:23:29,AM,98,13
4/4/2019,11:23:30,AM,99,13
4/4/2019,11:23:31,AM,100,13
4/4/2019,11:23:32,AM,99,13
4/4/2019,11:23:33,AM,99,13
4/4/2019,11:23:34,AM,98,13
4/4/2019,11:23:35,AM,97,13
4/4/2019,11:23:36,AM,98,13
4/4/2019,11:23:37,AM,98,13
4/4/2019,11:23:39,AM,91,13
4/4/2019,11:23:40,AM,87,13
4/4/2019,11:23:41,AM,82,13
4/4/2019,11:23:42,AM,81,13
4/4/2019,11:23:43,AM,83,13
4/4/2019,11:23:44,AM,85,13
4/4/2019,11:23:45,AM,86,13
4/4/2019,11:23:46,AM,87,13
4/4/2019,11:23:47,AM,88,13
4/4/2019,11:23:48,AM,90,13
4/4/2019,11:23:49,AM,90,13
4/4/2019,11:23:50,AM,88,13
4/4/2019,11:23:51,AM,85,13
4/4/2019,11:23:52,AM,83,13
4/4/2019,11:23:53,AM,83,13
4/4/2019,11:23:54,AM,84,13
4/4/2019,11:23:55,AM,87,13
4/4/2019,11:23:56,AM,89,13
4/4/2019,11:23:57,AM,90,12
4/4/2019,11:23:58,AM,85,12
4/4/2019,11:23:59,AM,81,12
4/4/2019,11:24:00,AM,77,12
4/4/2019,11:24:01,AM,75,12
4/4/2019,11:24:02,AM,77,12
4/4/2019,11:24:03,AM,81,12
4/4/2019,11:24:04,AM,84,12
4/4/2019,11:24:05,AM,87,12
4/4/2019,11:24:06,AM,89,12
4/4/2019,11:24:07,AM,92,12
4/4/2019,11:24:08,AM,93,12
4/4/2019,11:24:09,AM,94,12
4/4/2019,11:24:10,AM,95,12
4/4/2019,11:24:11,AM,96,11
4/4/2019,11:24:12,AM,96,11
4/4/2019,11:24:13,AM,95,11
4/4/2019,11:24:14,AM,94,11
4/4/2019,11:24:15,AM,93,11
4/4/2019,11:24:16,AM,94,11
4/4/2019,11:24:17,AM,96,11
4/4/2019,11:24:18,AM,97,11
4/4/2019,11:24:19,AM,95,11
4/4/2019,11:24:20,AM,94,11
4/4/2019,11:24:21,AM,93,11
4/4/2019,11:24:22,AM,91,11
4/4/2019,11:24:23,AM,90,11
4/4/2019,11:24:24,AM,89,11
4/4/2019,11:24:25,AM,90,11
4/4/2019,11:24:26,AM,91,11
4/4/2019,11:24:27,AM,94,11
4/4/2019,11:24:28,AM,94,11
4/4/2019,11:24:29,AM,89,11
4/4/2019,11:24:30,AM,87,11
4/4/2019,11:24:31,AM,88,11
4/4/2019,11:24:32,AM,89,11
4/4/2019,11:24:33,AM,91,11
4/4/2019,11:24:34,AM,93,11
4/4/2019,11:24:35,AM,94,11
4/4/2019,11:24:36,AM,94,11
4/4/2019,11:24:37,AM,93,11
4/4/2019,11:24:38,AM,90,11
4/4/2019,11:24:39,AM,86,11
4/4/2019,11:24:40,AM,84,11
4/4/2019,11:24:41,AM,85,11
4/4/2019,11:24:42,AM,87,11
4/4/2019,11:24:43,AM,89,11
4/4/2019,11:24:44,AM,90,11
4/4/2019,11:24:45,AM,91,11
4/4/2019,11:24:46,AM,91,11
4/4/2019,11:24:47,AM,88,11
4/4/2019,11:24:48,AM,86,11
4/4/2019,11:24:49,AM,84,11
4/4/2019,11:24:50,AM,81,11
4/4/2019,11:24:51,AM,80,11
4/4/2019,11:24:52,AM,79,11
4/4/2019,11:24:53,AM,82,11
4/4/2019,11:24:54,AM,84,11
4/4/2019,11:24:55,AM,86,11
4/4/2019,11:24:56,AM,87,11
4/4/2019,11:24:58,AM,90,11
4/4/2019,11:24:59,AM,90,11
4/4/2019,11:25:00,AM,88,11
4/4/2019,11:25:01,AM,86,11
4/4/2019,11:25:02,AM,84,11
4/4/2019,11:25:03,AM,82,11
4/4/2019,11:25:04,AM,82,11
4/4/2019,11:25:05,AM,84,12
4/4/2019,11:25:06,AM,85,12
4/4/2019,11:25:07,AM,85,12
4/4/2019,11:25:08,AM,84,12
4/4/2019,11:25:09,AM,83,12
4/4/2019,11:25:10,AM,83,12
4/4/2019,11:25:11,AM,82,13
4/4/2019,11:25:12,AM,81,13
4/4/2019,11:25:13,AM,82,13
4/4/2019,11:25:14,AM,85,13
4/4/2019,11:25:15,AM,88,13
4/4/2019,11:25:16,AM,93,13
4/4/2019,11:25:17,AM,96,13
4/4/2019,11:25:18,AM,93,13
4/4/2019,11:25:19,AM,90,13
4/4/2019,11:25:20,AM,87,13
4/4/2019,11:25:21,AM,87,14
4/4/2019,11:25:22,AM,88,14
4/4/2019,11:25:23,AM,88,14
4/4/2019,11:25:24,AM,88,14
4/4/2019,11:25:25,AM,88,14
4/4/2019,11:25:26,AM,89,14
4/4/2019,11:25:27,AM,91,14
4/4/2019,11:25:28,AM,91,14
4/4/2019,11:25:29,AM,89,14
4/4/2019,11:25:30,AM,87,14
4/4/2019,11:25:31,AM,88,14
4/4/2019,11:25:32,AM,87,14
4/4/2019,11:25:33,AM,85,14
4/4/2019,11:25:34,AM,84,14
4/4/2019,11:25:35,AM,86,14
4/4/2019,11:25:36,AM,90,14
4/4/2019,11:25:37,AM,95,14
4/4/2019,11:25:38,AM,98,14
4/4/2019,11:25:39,AM,99,14
4/4/2019,11:25:40,AM,97,14
4/4/2019,11:25:41,AM,95,14
4/4/2019,11:25:42,AM,91,14
4/4/2019,11:25:43,AM,89,14
4/4/2019,11:25:44,AM,89,14
4/4/2019,11:25:45,AM,90,14
4/4/2019,11:25:46,AM,91,14
4/4/2019,11:25:47,AM,94,14
4/4/2019,11:25:48,AM,96,14
4/4/2019,11:25:49,AM,96,14
4/4/2019,11:25:50,AM,96,14
4/4/2019,11:25:51,AM,95,14
4/4/2019,11:25:52,AM,94,14
4/4/2019,11:25:53,AM,92,14
4/4/2019,11:25:54,AM,90,14
4/4/2019,11:25:55,AM,86,14
4/4/2019,11:25:56,AM,84,14
4/4/2019,11:25:57,AM,84,13
4/4/2019,11:25:58,AM,87,13
4/4/2019,11:25:59,AM,88,14
4/4/2019,11:26:00,AM,87,14
4/4/2019,11:26:01,AM,86,14
4/4/2019,11:26:02,AM,86,14
4/4/2019,11:26:03,AM,86,14
4/4/2019,11:26:04,AM,87,14
4/4/2019,11:26:05,AM,88,14
4/4/2019,11:26:06,AM,90,14
4/4/2019,11:26:07,AM,92,14
4/4/2019,11:26:08,AM,92,14
4/4/2019,11:26:09,AM,92,14
4/4/2019,11:26:10,AM,90,14
4/4/2019,11:26:11,AM,90,14
4/4/2019,11:26:13,AM,89,14
4/4/2019,11:26:14,AM,87,14
4/4/2019,11:26:15,AM,88,14
4/4/2019,11:26:16,AM,92,14
4/4/2019,11:26:17,AM,95,14
4/4/2019,11:26:18,AM,99,14
4/4/2019,11:26:19,AM,101,14
4/4/2019,11:26:20,AM,100,14
4/4/2019,11:26:21,AM,96,14
4/4/2019,11:26:22,AM,92,14
4/4/2019,11:26:23,AM,88,13
4/4/2019,11:26:24,AM,86,13
4/4/2019,11:26:25,AM,85,13
4/4/2019,11:26:26,AM,85,13
4/4/2019,11:26:27,AM,86,13
4/4/2019,11:26:28,AM,90,13
4/4/2019,11:26:29,AM,96,13
4/4/2019,11:26:30,AM,99,13
4/4/2019,11:26:31,AM,97,13
4/4/2019,11:26:32,AM,95,13
4/4/2019,11:26:33,AM,91,13
4/4/2019,11:26:34,AM,89,13
4/4/2019,11:26:35,AM,91,13
4/4/2019,11:26:36,AM,93,13
4/4/2019,11:26:37,AM,94,12
4/4/2019,11:26:38,AM,93,12
4/4/2019,11:26:39,AM,94,12
4/4/2019,11:26:40,AM,96,12
4/4/2019,11:26:41,AM,95,12
4/4/2019,11:26:42,AM,92,12
4/4/2019,11:26:43,AM,89,12
4/4/2019,11:26:44,AM,89,12
4/4/2019,11:26:45,AM,92,12
4/4/2019,11:26:46,AM,96,12
4/4/2019,11:26:47,AM,100,12
4/4/2019,11:26:48,AM,104,12
4/4/2019,11:26:49,AM,105,12
4/4/2019,11:26:50,AM,102,12
4/4/2019,11:26:51,AM,98,11
4/4/2019,11:26:52,AM,94,11
4/4/2019,11:26:53,AM,89,11
4/4/2019,11:26:54,AM,86,11
4/4/2019,11:26:55,AM,88,11
4/4/2019,11:26:56,AM,90,11
4/4/2019,11:26:57,AM,92,11
4/4/2019,11:26:58,AM,90,11
4/4/2019,11:26:59,AM,88,11
4/4/2019,11:27:00,AM,88,11
4/4/2019,11:27:01,AM,89,11
4/4/2019,11:27:02,AM,90,11
4/4/2019,11:27:03,AM,91,11
4/4/2019,11:27:04,AM,92,11
4/4/2019,11:27:05,AM,95,11
4/4/2019,11:27:06,AM,97,11
4/4/2019,11:27:07,AM,98,11
4/4/2019,11:27:08,AM,94,11
4/4/2019,11:27:09,AM,91,10
4/4/2019,11:27:10,AM,88,10
4/4/2019,11:27:11,AM,86,10
4/4/2019,11:27:12,AM,85,10
4/4/2019,11:27:13,AM,85,10
4/4/2019,11:27:14,AM,87,10
4/4/2019,11:27:15,AM,91,10
4/4/2019,11:27:16,AM,97,10
4/4/2019,11:27:17,AM,100,10
4/4/2019,11:27:18,AM,97,10
4/4/2019,11:27:19,AM,94,11
4/4/2019,11:27:20,AM,93,11
4/4/2019,11:27:21,AM,94,11
4/4/2019,11:27:22,AM,95,11
4/4/2019,11:27:23,AM,97,11
4/4/2019,11:27:24,AM,98,11
4/4/2019,11:27:26,AM,91,11
4/4/2019,11:27:27,AM,89,11
4/4/2019,11:27:28,AM,88,11
4/4/2019,11:27:29,AM,88,11
4/4/2019,11:27:30,AM,88,11
4/4/2019,11:27:31,AM,91,11
4/4/2019,11:27:32,AM,96,11
4/4/2019,11:27:33,AM,99,11
4/4/2019,11:27:34,AM,102,11
4/4/2019,11:27:35,AM,101,11
4/4/2019,11:27:36,AM,99,11
4/4/2019,11:27:37,AM,97,11
4/4/2019,11:27:38,AM,95,11
4/4/2019,11:27:39,AM,90,11
4/4/2019,11:27:40,AM,88,11
4/4/2019,11:27:41,AM,90,11
4/4/2019,11:27:42,AM,94,11
4/4/2019,11:27:43,AM,96,11
4/4/2019,11:27:44,AM,97,11
4/4/2019,11:27:45,AM,94,11
4/4/2019,11:27:46,AM,89,11
4/4/2019,11:27:47,AM,86,10
4/4/2019,11:27:48,AM,86,10
4/4/2019,11:27:49,AM,89,10
4/4/2019,11:27:50,AM,92,10
4/4/2019,11:27:51,AM,94,10
4/4/2019,11:27:52,AM,98,10
4/4/2019,11:27:53,AM,103,10
4/4/2019,11:27:54,AM,105,10
4/4/2019,11:27:55,AM,107,10
4/4/2019,11:27:56,AM,108,10
4/4/2019,11:27:57,AM,109,10
4/4/2019,11:27:58,AM,107,10
4/4/2019,11:27:59,AM,104,10
4/4/2019,11:28:00,AM,102,10
4/4/2019,11:28:01,AM,101,10
4/4/2019,11:28:02,AM,103,10
4/4/2019,11:28:03,AM,105,10
4/4/2019,11:28:04,AM,105,10
4/4/2019,11:28:05,AM,106,10
4/4/2019,11:28:06,AM,108,10
4/4/2019,11:28:07,AM,109,10
4/4/2019,11:28:08,AM,109,10
4/4/2019,11:28:09,AM,110,10
4/4/2019,11:28:10,AM,106,10
4/4/2019,11:28:11,AM,101,10
4/4/2019,11:28:12,AM,102,10
4/4/2019,11:28:13,AM,103,10
4/4/2019,11:28:14,AM,105,10
4/4/2019,11:28:15,AM,107,10
4/4/2019,11:28:16,AM,107,10
4/4/2019,11:28:17,AM,107,11
4/4/2019,11:28:18,AM,107,11
4/4/2019,11:28:19,AM,107,11
4/4/2019,11:28:20,AM,105,11
4/4/2019,11:28:21,AM,98,11
4/4/2019,11:28:22,AM,94,11
4/4/2019,11:28:23,AM,90,11
4/4/2019,11:28:24,AM,84,11
4/4/2019,11:28:25,AM,81,11
4/4/2019,11:28:26,AM,81,11
4/4/2019,11:28:27,AM,84,11
4/4/2019,11:28:28,AM,87,11
4/4/2019,11:28:29,AM,90,11
4/4/2019,11:28:30,AM,94,11
4/4/2019,11:28:31,AM,99,11
4/4/2019,11:28:32,AM,103,11
4/4/2019,11:28:33,AM,103,11
4/4/2019,11:28:34,AM,101,11
4/4/2019,11:28:35,AM,98,11
4/4/2019,11:28:36,AM,94,11
4/4/2019,11:28:38,AM,89,11
4/4/2019,11:28:39,AM,91,11
4/4/2019,11:28:40,AM,95,11
4/4/2019,11:28:41,AM,99,11
4/4/2019,11:28:42,AM,101,11
4/4/2019,11:28:43,AM,98,10
4/4/2019,11:28:44,AM,94,10
4/4/2019,11:28:45,AM,90,10
4/4/2019,11:28:46,AM,89,10
4/4/2019,11:28:47,AM,92,10
4/4/2019,11:28:48,AM,95,10
4/4/2019,11:28:49,AM,99,10
4/4/2019,11:28:50,AM,103,10
4/4/2019,11:28:51,AM,104,10
4/4/2019,11:28:52,AM,102,10
4/4/2019,11:28:53,AM,98,10
4/4/2019,11:28:54,AM,93,10
4/4/2019,11:28:55,AM,90,10
4/4/2019,11:28:56,AM,91,10
4/4/2019,11:28:57,AM,95,10
4/4/2019,11:28:58,AM,98,10
4/4/2019,11:28:59,AM,101,10
4/4/2019,11:29:00,AM,101,10
4/4/2019,11:29:01,AM,99,9
4/4/2019,11:29:02,AM,95,9
4/4/2019,11:29:03,AM,93,9
4/4/2019,11:29:04,AM,93,9
4/4/2019,11:29:05,AM,93,9
4/4/2019,11:29:06,AM,92,9
4/4/2019,11:29:07,AM,88,9
4/4/2019,11:29:08,AM,85,9
4/4/2019,11:29:09,AM,85,9
4/4/2019,11:29:10,AM,89,9
4/4/2019,11:29:11,AM,93,9
4/4/2019,11:29:12,AM,99,9
4/4/2019,11:29:13,AM,99,9
4/4/2019,11:29:14,AM,97,9
4/4/2019,11:29:15,AM,93,9
4/4/2019,11:29:16,AM,93,9
4/4/2019,11:29:17,AM,95,8
4/4/2019,11:29:18,AM,100,8
4/4/2019,11:29:19,AM,105,8
4/4/2019,11:29:20,AM,107,8
4/4/2019,11:29:21,AM,104,8
4/4/2019,11:29:22,AM,102,8
4/4/2019,11:29:23,AM,99,8
4/4/2019,11:29:24,AM,95,8
4/4/2019,11:29:25,AM,89,8
4/4/2019,11:29:26,AM,87,8
4/4/2019,11:29:27,AM,88,8
4/4/2019,11:29:28,AM,93,8
4/4/2019,11:29:29,AM,97,8
4/4/2019,11:29:30,AM,100,8
4/4/2019,11:29:31,AM,100,8
4/4/2019,11:29:32,AM,101,8
4/4/2019,11:29:33,AM,101,9
4/4/2019,11:29:34,AM,100,9
4/4/2019,11:29:35,AM,96,9
4/4/2019,11:29:36,AM,93,9
4/4/2019,11:29:37,AM,94,9
4/4/2019,11:29:38,AM,96,9
4/4/2019,11:29:39,AM,98,9
4/4/2019,11:29:40,AM,100,9
4/4/2019,11:29:41,AM,96,9
4/4/2019,11:29:42,AM,95,9
4/4/2019,11:29:43,AM,97,10
4/4/2019,11:29:44,AM,99,10
4/4/2019,11:29:45,AM,101,10
4/4/2019,11:29:46,AM,102,10
4/4/2019,11:29:47,AM,102,10
4/4/2019,11:29:48,AM,101,10
4/4/2019,11:29:49,AM,100,10
4/4/2019,11:29:50,AM,98,10
4/4/2019,11:29:51,AM,97,11
4/4/2019,11:29:52,AM,95,11
4/4/2019,11:29:53,AM,92,11
4/4/2019,11:29:55,AM,94,11
4/4/2019,11:29:56,AM,98,11
4/4/2019,11:29:57,AM,99,11
4/4/2019,11:29:58,AM,99,11
4/4/2019,11:29:59,AM,99,11
4/4/2019,11:30:00,AM,101,11
4/4/2019,11:30:01,AM,103,11
4/4/2019,11:30:02,AM,103,11
4/4/2019,11:30:03,AM,101,11
4/4/2019,11:30:04,AM,94,11
4/4/2019,11:30:05,AM,90,11
4/4/2019,11:30:06,AM,90,11
4/4/2019,11:30:07,AM,92,11
4/4/2019,11:30:08,AM,97,11
4/4/2019,11:30:09,AM,101,11
4/4/2019,11:30:10,AM,104,11
4/4/2019,11:30:11,AM,105,11
4/4/2019,11:30:12,AM,102,11
4/4/2019,11:30:13,AM,97,11
4/4/2019,11:30:14,AM,96,11
4/4/2019,11:30:15,AM,99,11
4/4/2019,11:30:16,AM,100,11
4/4/2019,11:30:17,AM,99,11
4/4/2019,11:30:18,AM,98,11
4/4/2019,11:30:19,AM,97,10
4/4/2019,11:30:20,AM,98,10
4/4/2019,11:30:21,AM,98,10
4/4/2019,11:30:22,AM,97,10
4/4/2019,11:30:23,AM,98,10
4/4/2019,11:30:24,AM,99,10
4/4/2019,11:30:25,AM,100,10
4/4/2019,11:30:26,AM,101,10
4/4/2019,11:30:27,AM,103,10
4/4/2019,11:30:28,AM,105,10
4/4/2019,11:30:29,AM,108,10
4/4/2019,11:30:30,AM,110,10
4/4/2019,11:30:31,AM,112,10
4/4/2019,11:30:32,AM,113,10
4/4/2019,11:30:33,AM,113,10
4/4/2019,11:30:34,AM,112,10
4/4/2019,11:30:35,AM,112,10
4/4/2019,11:30:36,AM,112,10
4/4/2019,11:30:37,AM,113,9
4/4/2019,11:30:38,AM,111,9
4/4/2019,11:30:39,AM,106,9
4/4/2019,11:30:40,AM,101,9
4/4/2019,11:30:41,AM,96,9
4/4/2019,11:30:42,AM,93,9
4/4/2019,11:30:43,AM,94,9
4/4/2019,11:30:44,AM,96,9
4/4/2019,11:30:45,AM,97,9
4/4/2019,11:30:46,AM,97,9
4/4/2019,11:30:47,AM,97,9
4/4/2019,11:30:48,AM,97,9
4/4/2019,11:30:49,AM,100,9
4/4/2019,11:30:50,AM,102,9
4/4/2019,11:30:51,AM,101,9
4/4/2019,11:30:52,AM,98,9
4/4/2019,11:30:53,AM,93,10
4/4/2019,11:30:54,AM,90,10
4/4/2019,11:30:55,AM,86,10
4/4/2019,11:30:56,AM,79,10
4/4/2019,11:30:57,AM,79,11
4/4/2019,11:30:58,AM,83,11
4/4/2019,11:30:59,AM,88,12
4/4/2019,11:31:00,AM,94,12
4/4/2019,11:31:01,AM,99,13
4/4/2019,11:31:02,AM,96,13
4/4/2019,11:31:03,AM,93,13
4/4/2019,11:31:04,AM,89,13
4/4/2019,11:31:05,AM,86,14
4/4/2019,11:31:06,AM,87,14
4/4/2019,11:31:07,AM,88,14
4/4/2019,11:31:08,AM,90,14
4/4/2019,11:31:09,AM,91,15
4/4/2019,11:31:11,AM,93,15
4/4/2019,11:31:12,AM,94,15
4/4/2019,11:31:13,AM,94,15
4/4/2019,11:31:14,AM,94,15
4/4/2019,11:31:15,AM,92,15
4/4/2019,11:31:16,AM,93,15
4/4/2019,11:31:17,AM,94,15
4/4/2019,11:31:18,AM,94,15
4/4/2019,11:31:20,AM,96,14
4/4/2019,11:31:21,AM,99,14
4/4/2019,11:31:22,AM,102,14
4/4/2019,11:31:23,AM,102,14
4/4/2019,11:31:24,AM,102,14
4/4/2019,11:31:25,AM,102,14
4/4/2019,11:31:26,AM,102,14
4/4/2019,11:31:27,AM,102,14
4/4/2019,11:31:28,AM,102,14
4/4/2019,11:31:29,AM,101,13
4/4/2019,11:31:30,AM,101,13
4/4/2019,11:31:31,AM,101,13
4/4/2019,11:31:32,AM,101,13
4/4/2019,11:31:33,AM,101,13
4/4/2019,11:31:34,AM,101,13
4/4/2019,11:31:35,AM,101,12
4/4/2019,11:31:36,AM,101,12
4/4/2019,11:31:37,AM,101,12
4/4/2019,11:31:38,AM,101,12
