 Time,,,HRV
3/28/2019,3:57:10,PM,52
3/28/2019,3:57:11,PM,52
3/28/2019,3:57:12,PM,52
3/28/2019,3:57:13,PM,52
3/28/2019,3:57:14,PM,52
3/28/2019,3:57:15,PM,52
3/28/2019,3:57:16,PM,52
3/28/2019,3:57:17,PM,52
3/28/2019,3:57:18,PM,52
3/28/2019,3:57:19,PM,52
3/28/2019,3:57:20,PM,52
3/28/2019,3:57:21,PM,51
3/28/2019,3:57:22,PM,51
3/28/2019,3:57:23,PM,51
3/28/2019,3:57:24,PM,51
3/28/2019,3:57:25,PM,50
3/28/2019,3:57:26,PM,50
3/28/2019,3:57:27,PM,50
3/28/2019,3:57:28,PM,50
3/28/2019,3:57:29,PM,50
3/28/2019,3:57:30,PM,50
3/28/2019,3:57:31,PM,50
3/28/2019,3:57:32,PM,50
3/28/2019,3:57:33,PM,50
3/28/2019,3:57:34,PM,50
3/28/2019,3:57:35,PM,50
3/28/2019,3:57:36,PM,50
3/28/2019,3:57:37,PM,50
3/28/2019,3:57:38,PM,50
3/28/2019,3:57:39,PM,50
3/28/2019,3:57:40,PM,50
3/28/2019,3:57:41,PM,50
3/28/2019,3:57:42,PM,50
3/28/2019,3:57:43,PM,49
3/28/2019,3:57:44,PM,50
3/28/2019,3:57:45,PM,50
3/28/2019,3:57:46,PM,50
3/28/2019,3:57:47,PM,50
3/28/2019,3:57:48,PM,50
3/28/2019,3:57:49,PM,50
3/28/2019,3:57:50,PM,50
3/28/2019,3:57:51,PM,50
3/28/2019,3:57:52,PM,50
3/28/2019,3:57:53,PM,51
3/28/2019,3:57:54,PM,50
3/28/2019,3:57:55,PM,50
3/28/2019,3:57:56,PM,50
3/28/2019,3:57:57,PM,50
3/28/2019,3:57:58,PM,50
3/28/2019,3:58:00,PM,50
3/28/2019,3:58:01,PM,50
3/28/2019,3:58:02,PM,50
3/28/2019,3:58:03,PM,49
3/28/2019,3:58:04,PM,49
3/28/2019,3:58:05,PM,50
3/28/2019,3:58:06,PM,50
3/28/2019,3:58:07,PM,50
3/28/2019,3:58:08,PM,50
3/28/2019,3:58:09,PM,50
3/28/2019,3:58:10,PM,50
3/28/2019,3:58:11,PM,51
3/28/2019,3:58:12,PM,51
3/28/2019,3:58:13,PM,52
3/28/2019,3:58:14,PM,52
3/28/2019,3:58:15,PM,52
3/28/2019,3:58:16,PM,52
3/28/2019,3:58:17,PM,52
3/28/2019,3:58:18,PM,52
3/28/2019,3:58:19,PM,52
3/28/2019,3:58:20,PM,52
3/28/2019,3:58:21,PM,53
3/28/2019,3:58:22,PM,53
3/28/2019,3:58:23,PM,53
3/28/2019,3:58:24,PM,53
3/28/2019,3:58:25,PM,53
3/28/2019,3:58:26,PM,53
3/28/2019,3:58:27,PM,53
3/28/2019,3:58:28,PM,53
3/28/2019,3:58:29,PM,53
3/28/2019,3:58:30,PM,53
3/28/2019,3:58:31,PM,53
3/28/2019,3:58:32,PM,53
3/28/2019,3:58:33,PM,53
3/28/2019,3:58:34,PM,53
3/28/2019,3:58:35,PM,53
3/28/2019,3:58:36,PM,53
3/28/2019,3:58:37,PM,53
3/28/2019,3:58:38,PM,53
3/28/2019,3:58:39,PM,53
3/28/2019,3:58:40,PM,53
3/28/2019,3:58:41,PM,52
3/28/2019,3:58:42,PM,52
3/28/2019,3:58:43,PM,52
3/28/2019,3:58:44,PM,52
3/28/2019,3:58:45,PM,52
3/28/2019,3:58:46,PM,52
3/28/2019,3:58:47,PM,52
3/28/2019,3:58:48,PM,52
3/28/2019,3:58:49,PM,52
3/28/2019,3:58:50,PM,51
3/28/2019,3:58:51,PM,51
3/28/2019,3:58:52,PM,51
3/28/2019,3:58:53,PM,51
3/28/2019,3:58:54,PM,51
3/28/2019,3:58:55,PM,51
3/28/2019,3:58:56,PM,51
3/28/2019,3:58:57,PM,51
3/28/2019,3:58:58,PM,51
3/28/2019,3:58:59,PM,51
3/28/2019,3:59:00,PM,51
3/28/2019,3:59:01,PM,51
3/28/2019,3:59:02,PM,51
3/28/2019,3:59:04,PM,52
3/28/2019,3:59:05,PM,52
3/28/2019,3:59:06,PM,52
3/28/2019,3:59:07,PM,51
3/28/2019,3:59:08,PM,51
3/28/2019,3:59:09,PM,51
3/28/2019,3:59:10,PM,51
3/28/2019,3:59:11,PM,51
3/28/2019,3:59:12,PM,51
3/28/2019,3:59:13,PM,51
3/28/2019,3:59:14,PM,51
3/28/2019,3:59:15,PM,51
3/28/2019,3:59:16,PM,51
3/28/2019,3:59:17,PM,51
3/28/2019,3:59:18,PM,51
3/28/2019,3:59:19,PM,51
3/28/2019,3:59:20,PM,51
3/28/2019,3:59:21,PM,51
3/28/2019,3:59:22,PM,51
3/28/2019,3:59:23,PM,51
3/28/2019,3:59:24,PM,51
3/28/2019,3:59:25,PM,51
3/28/2019,3:59:26,PM,51
3/28/2019,3:59:27,PM,51
3/28/2019,3:59:28,PM,51
3/28/2019,3:59:29,PM,50
3/28/2019,3:59:30,PM,50
3/28/2019,3:59:31,PM,50
3/28/2019,3:59:32,PM,50
3/28/2019,3:59:33,PM,50
3/28/2019,3:59:34,PM,49
3/28/2019,3:59:35,PM,49
3/28/2019,3:59:36,PM,49
3/28/2019,3:59:37,PM,49
3/28/2019,3:59:38,PM,49
3/28/2019,3:59:39,PM,49
3/28/2019,3:59:40,PM,49
3/28/2019,3:59:41,PM,49
3/28/2019,3:59:42,PM,50
3/28/2019,3:59:43,PM,50
3/28/2019,3:59:44,PM,50
3/28/2019,3:59:45,PM,50
3/28/2019,3:59:46,PM,50
3/28/2019,3:59:47,PM,50
3/28/2019,3:59:48,PM,50
3/28/2019,3:59:49,PM,50
3/28/2019,3:59:50,PM,50
3/28/2019,3:59:51,PM,51
3/28/2019,3:59:52,PM,51
3/28/2019,3:59:53,PM,51
3/28/2019,3:59:55,PM,50
3/28/2019,3:59:56,PM,50
3/28/2019,3:59:57,PM,50
3/28/2019,3:59:58,PM,50
3/28/2019,3:59:59,PM,50
3/28/2019,4:00:00,PM,50
3/28/2019,4:00:01,PM,50
3/28/2019,4:00:02,PM,50
3/28/2019,4:00:03,PM,50
3/28/2019,4:00:04,PM,49
3/28/2019,4:00:05,PM,49
3/28/2019,4:00:06,PM,49
3/28/2019,4:00:07,PM,49
3/28/2019,4:00:08,PM,49
3/28/2019,4:00:09,PM,49
3/28/2019,4:00:10,PM,49
3/28/2019,4:00:11,PM,49
3/28/2019,4:00:12,PM,49
3/28/2019,4:00:13,PM,49
3/28/2019,4:00:14,PM,49
3/28/2019,4:00:15,PM,48
3/28/2019,4:00:16,PM,48
3/28/2019,4:00:17,PM,48
3/28/2019,4:00:18,PM,48
3/28/2019,4:00:19,PM,48
3/28/2019,4:00:20,PM,48
3/28/2019,4:00:21,PM,48
3/28/2019,4:00:22,PM,48
3/28/2019,4:00:23,PM,48
3/28/2019,4:00:24,PM,48
3/28/2019,4:00:25,PM,48
3/28/2019,4:00:26,PM,48
3/28/2019,4:00:27,PM,48
3/28/2019,4:00:28,PM,48
3/28/2019,4:00:29,PM,48
3/28/2019,4:00:30,PM,48
3/28/2019,4:00:31,PM,48
3/28/2019,4:00:32,PM,47
3/28/2019,4:00:33,PM,47
3/28/2019,4:00:34,PM,47
3/28/2019,4:00:35,PM,47
3/28/2019,4:00:36,PM,47
3/28/2019,4:00:37,PM,47
3/28/2019,4:00:38,PM,47
3/28/2019,4:00:39,PM,47
3/28/2019,4:00:40,PM,47
3/28/2019,4:00:41,PM,47
3/28/2019,4:00:42,PM,48
3/28/2019,4:00:43,PM,47
3/28/2019,4:00:44,PM,47
3/28/2019,4:00:45,PM,47
3/28/2019,4:00:46,PM,47
3/28/2019,4:00:47,PM,47
3/28/2019,4:00:48,PM,48
3/28/2019,4:00:49,PM,48
3/28/2019,4:00:50,PM,48
3/28/2019,4:00:51,PM,48
3/28/2019,4:00:52,PM,47
3/28/2019,4:00:53,PM,47
3/28/2019,4:00:54,PM,47
3/28/2019,4:00:55,PM,47
3/28/2019,4:00:56,PM,47
3/28/2019,4:00:57,PM,47
3/28/2019,4:00:58,PM,47
3/28/2019,4:00:59,PM,47
3/28/2019,4:01:01,PM,47
3/28/2019,4:01:02,PM,47
3/28/2019,4:01:03,PM,47
3/28/2019,4:01:04,PM,47
3/28/2019,4:01:05,PM,47
3/28/2019,4:01:06,PM,47
3/28/2019,4:01:07,PM,47
3/28/2019,4:01:08,PM,47
3/28/2019,4:01:09,PM,47
3/28/2019,4:01:10,PM,47
3/28/2019,4:01:11,PM,47
3/28/2019,4:01:12,PM,47
3/28/2019,4:01:13,PM,47
3/28/2019,4:01:14,PM,47
3/28/2019,4:01:15,PM,47
3/28/2019,4:01:16,PM,47
3/28/2019,4:01:17,PM,47
3/28/2019,4:01:18,PM,47
3/28/2019,4:01:19,PM,47
3/28/2019,4:01:20,PM,47
3/28/2019,4:01:21,PM,47
3/28/2019,4:01:22,PM,48
3/28/2019,4:01:23,PM,48
3/28/2019,4:01:24,PM,48
3/28/2019,4:01:25,PM,48
3/28/2019,4:01:26,PM,48
3/28/2019,4:01:27,PM,48
3/28/2019,4:01:28,PM,48
3/28/2019,4:01:29,PM,48
3/28/2019,4:01:30,PM,48
3/28/2019,4:01:31,PM,48
3/28/2019,4:01:32,PM,48
3/28/2019,4:01:33,PM,48
3/28/2019,4:01:34,PM,48
3/28/2019,4:01:35,PM,47
3/28/2019,4:01:36,PM,47
3/28/2019,4:01:37,PM,48
3/28/2019,4:01:38,PM,47
3/28/2019,4:01:39,PM,47
3/28/2019,4:01:40,PM,47
3/28/2019,4:01:41,PM,47
3/28/2019,4:01:42,PM,46
3/28/2019,4:01:43,PM,46
3/28/2019,4:01:44,PM,46
3/28/2019,4:01:45,PM,46
3/28/2019,4:01:46,PM,46
3/28/2019,4:01:47,PM,46
3/28/2019,4:01:48,PM,46
3/28/2019,4:01:49,PM,46
3/28/2019,4:01:50,PM,46
3/28/2019,4:01:51,PM,46
3/28/2019,4:01:52,PM,46
3/28/2019,4:01:53,PM,45
3/28/2019,4:01:54,PM,45
3/28/2019,4:01:55,PM,45
3/28/2019,4:01:56,PM,45
3/28/2019,4:01:57,PM,45
3/28/2019,4:01:59,PM,44
3/28/2019,4:02:00,PM,44
3/28/2019,4:02:01,PM,43
3/28/2019,4:02:02,PM,43
3/28/2019,4:02:03,PM,43
3/28/2019,4:02:04,PM,43
3/28/2019,4:02:05,PM,43
3/28/2019,4:02:06,PM,43
3/28/2019,4:02:07,PM,42
3/28/2019,4:02:08,PM,42
3/28/2019,4:02:09,PM,42
3/28/2019,4:02:10,PM,42
3/28/2019,4:02:11,PM,41
3/28/2019,4:02:12,PM,41
3/28/2019,4:02:13,PM,41
3/28/2019,4:02:14,PM,40
3/28/2019,4:02:15,PM,40
3/28/2019,4:02:16,PM,40
3/28/2019,4:02:17,PM,40
3/28/2019,4:02:18,PM,40
3/28/2019,4:02:19,PM,39
3/28/2019,4:02:20,PM,40
3/28/2019,4:02:21,PM,40
3/28/2019,4:02:22,PM,40
3/28/2019,4:02:23,PM,40
3/28/2019,4:02:24,PM,39
3/28/2019,4:02:25,PM,39
3/28/2019,4:02:26,PM,39
3/28/2019,4:02:27,PM,39
3/28/2019,4:02:28,PM,39
3/28/2019,4:02:29,PM,39
3/28/2019,4:02:30,PM,39
3/28/2019,4:02:31,PM,39
3/28/2019,4:02:32,PM,39
3/28/2019,4:02:33,PM,39
3/28/2019,4:02:34,PM,39
3/28/2019,4:02:35,PM,39
3/28/2019,4:02:36,PM,39
3/28/2019,4:02:37,PM,39
3/28/2019,4:02:38,PM,39
3/28/2019,4:02:39,PM,39
3/28/2019,4:02:40,PM,39
3/28/2019,4:02:41,PM,38
3/28/2019,4:02:42,PM,38
3/28/2019,4:02:43,PM,38
3/28/2019,4:02:44,PM,38
3/28/2019,4:02:45,PM,38
3/28/2019,4:02:46,PM,38
3/28/2019,4:02:47,PM,38
3/28/2019,4:02:48,PM,38
3/28/2019,4:02:49,PM,38
3/28/2019,4:02:50,PM,38
3/28/2019,4:02:51,PM,38
3/28/2019,4:02:52,PM,38
3/28/2019,4:02:53,PM,38
3/28/2019,4:02:55,PM,39
3/28/2019,4:02:56,PM,39
3/28/2019,4:02:57,PM,39
3/28/2019,4:02:58,PM,39
3/28/2019,4:02:59,PM,39
3/28/2019,4:03:00,PM,39
3/28/2019,4:03:01,PM,39
3/28/2019,4:03:02,PM,39
3/28/2019,4:03:03,PM,39
3/28/2019,4:03:04,PM,39
3/28/2019,4:03:05,PM,39
3/28/2019,4:03:06,PM,39
3/28/2019,4:03:07,PM,39
3/28/2019,4:03:08,PM,39
3/28/2019,4:03:09,PM,39
3/28/2019,4:03:10,PM,39
3/28/2019,4:03:11,PM,40
3/28/2019,4:03:12,PM,40
3/28/2019,4:03:13,PM,40
3/28/2019,4:03:14,PM,41
3/28/2019,4:03:15,PM,41
3/28/2019,4:03:16,PM,41
3/28/2019,4:03:17,PM,41
3/28/2019,4:03:18,PM,41
3/28/2019,4:03:19,PM,41
3/28/2019,4:03:20,PM,41
3/28/2019,4:03:21,PM,41
3/28/2019,4:03:22,PM,41
3/28/2019,4:03:23,PM,41
3/28/2019,4:03:24,PM,41
3/28/2019,4:03:25,PM,41
3/28/2019,4:03:26,PM,41
3/28/2019,4:03:27,PM,41
3/28/2019,4:03:28,PM,41
3/28/2019,4:03:29,PM,41
3/28/2019,4:03:30,PM,41
3/28/2019,4:03:31,PM,41
3/28/2019,4:03:32,PM,41
3/28/2019,4:03:33,PM,41
3/28/2019,4:03:34,PM,41
3/28/2019,4:03:35,PM,41
3/28/2019,4:03:36,PM,41
3/28/2019,4:03:37,PM,40
3/28/2019,4:03:38,PM,40
3/28/2019,4:03:39,PM,40
3/28/2019,4:03:40,PM,39
3/28/2019,4:03:41,PM,39
3/28/2019,4:03:42,PM,39
3/28/2019,4:03:43,PM,38
3/28/2019,4:03:44,PM,38
3/28/2019,4:03:45,PM,38
3/28/2019,4:03:46,PM,38
3/28/2019,4:03:47,PM,38
3/28/2019,4:03:48,PM,38
3/28/2019,4:03:49,PM,38
3/28/2019,4:03:50,PM,38
3/28/2019,4:03:51,PM,38
3/28/2019,4:03:52,PM,38
3/28/2019,4:03:53,PM,38
3/28/2019,4:03:54,PM,38
3/28/2019,4:03:55,PM,38
3/28/2019,4:03:56,PM,38
3/28/2019,4:03:57,PM,38
3/28/2019,4:03:58,PM,38
3/28/2019,4:04:00,PM,37
3/28/2019,4:04:01,PM,37
3/28/2019,4:04:02,PM,37
3/28/2019,4:04:03,PM,37
3/28/2019,4:04:04,PM,38
3/28/2019,4:04:05,PM,37
3/28/2019,4:04:06,PM,37
3/28/2019,4:04:07,PM,37
3/28/2019,4:04:08,PM,38
3/28/2019,4:04:09,PM,38
3/28/2019,4:04:10,PM,37
3/28/2019,4:04:11,PM,37
3/28/2019,4:04:12,PM,37
3/28/2019,4:04:13,PM,37
3/28/2019,4:04:14,PM,37
3/28/2019,4:04:15,PM,37
3/28/2019,4:04:16,PM,37
3/28/2019,4:04:17,PM,37
3/28/2019,4:04:18,PM,37
3/28/2019,4:04:19,PM,37
3/28/2019,4:04:20,PM,37
3/28/2019,4:04:21,PM,37
3/28/2019,4:04:22,PM,37
3/28/2019,4:04:23,PM,37
3/28/2019,4:04:24,PM,37
3/28/2019,4:04:25,PM,37
3/28/2019,4:04:26,PM,37
3/28/2019,4:04:27,PM,37
3/28/2019,4:04:28,PM,37
3/28/2019,4:04:29,PM,37
3/28/2019,4:04:30,PM,37
3/28/2019,4:04:31,PM,37
3/28/2019,4:04:32,PM,37
3/28/2019,4:04:33,PM,37
3/28/2019,4:04:34,PM,37
3/28/2019,4:04:35,PM,37
3/28/2019,4:04:36,PM,37
3/28/2019,4:04:37,PM,36
3/28/2019,4:04:38,PM,36
3/28/2019,4:04:39,PM,36
3/28/2019,4:04:40,PM,37
3/28/2019,4:04:41,PM,37
3/28/2019,4:04:42,PM,36
3/28/2019,4:04:43,PM,36
3/28/2019,4:04:44,PM,36
3/28/2019,4:04:45,PM,36
3/28/2019,4:04:46,PM,36
3/28/2019,4:04:47,PM,36
3/28/2019,4:04:48,PM,36
3/28/2019,4:04:49,PM,36
3/28/2019,4:04:50,PM,36
3/28/2019,4:04:51,PM,36
3/28/2019,4:04:52,PM,36
3/28/2019,4:04:53,PM,36
3/28/2019,4:04:54,PM,36
3/28/2019,4:04:55,PM,36
3/28/2019,4:04:56,PM,36
3/28/2019,4:04:57,PM,36
3/28/2019,4:04:58,PM,36
3/28/2019,4:04:59,PM,36
3/28/2019,4:05:00,PM,36
3/28/2019,4:05:01,PM,36
3/28/2019,4:05:02,PM,36
3/28/2019,4:05:03,PM,36
3/28/2019,4:05:04,PM,37
3/28/2019,4:05:05,PM,37
3/28/2019,4:05:07,PM,37
3/28/2019,4:05:09,PM,37
3/28/2019,4:05:10,PM,37
3/28/2019,4:05:11,PM,37
3/28/2019,4:05:12,PM,37
3/28/2019,4:05:13,PM,37
3/28/2019,4:05:14,PM,37
3/28/2019,4:05:15,PM,37
3/28/2019,4:05:16,PM,37
3/28/2019,4:05:17,PM,37
3/28/2019,4:05:18,PM,37
3/28/2019,4:05:19,PM,37
3/28/2019,4:05:20,PM,37
3/28/2019,4:05:21,PM,37
3/28/2019,4:05:22,PM,37
3/28/2019,4:05:23,PM,37
3/28/2019,4:05:24,PM,37
3/28/2019,4:05:25,PM,37
3/28/2019,4:05:26,PM,36
3/28/2019,4:05:27,PM,36
3/28/2019,4:05:28,PM,36
3/28/2019,4:05:29,PM,36
3/28/2019,4:05:30,PM,36
3/28/2019,4:05:31,PM,36
3/28/2019,4:05:32,PM,37
3/28/2019,4:05:33,PM,37
3/28/2019,4:05:34,PM,37
3/28/2019,4:05:35,PM,37
3/28/2019,4:05:36,PM,37
3/28/2019,4:05:37,PM,37
3/28/2019,4:05:38,PM,37
3/28/2019,4:05:39,PM,37
3/28/2019,4:05:40,PM,37
3/28/2019,4:05:41,PM,37
3/28/2019,4:05:42,PM,37
3/28/2019,4:05:43,PM,37
3/28/2019,4:05:44,PM,37
3/28/2019,4:05:45,PM,37
3/28/2019,4:05:46,PM,37
3/28/2019,4:05:47,PM,37
3/28/2019,4:05:48,PM,37
3/28/2019,4:05:49,PM,37
3/28/2019,4:05:50,PM,37
3/28/2019,4:05:51,PM,37
3/28/2019,4:05:52,PM,37
3/28/2019,4:05:53,PM,37
3/28/2019,4:05:54,PM,36
3/28/2019,4:05:55,PM,36
3/28/2019,4:05:56,PM,36
3/28/2019,4:05:57,PM,36
3/28/2019,4:05:58,PM,36
3/28/2019,4:05:59,PM,37
3/28/2019,4:06:00,PM,37
3/28/2019,4:06:01,PM,37
3/28/2019,4:06:02,PM,36
3/28/2019,4:06:03,PM,37
3/28/2019,4:06:04,PM,37
3/28/2019,4:06:05,PM,37
3/28/2019,4:06:06,PM,37
3/28/2019,4:06:07,PM,36
3/28/2019,4:06:08,PM,36
3/28/2019,4:06:09,PM,36
3/28/2019,4:06:10,PM,37
3/28/2019,4:06:11,PM,37
3/28/2019,4:06:12,PM,37
3/28/2019,4:06:13,PM,37
3/28/2019,4:06:15,PM,37
3/28/2019,4:06:17,PM,37
3/28/2019,4:06:18,PM,37
3/28/2019,4:06:19,PM,37
3/28/2019,4:06:20,PM,37
3/28/2019,4:06:21,PM,38
3/28/2019,4:06:22,PM,38
3/28/2019,4:06:23,PM,38
3/28/2019,4:06:24,PM,38
3/28/2019,4:06:25,PM,39
3/28/2019,4:06:26,PM,39
3/28/2019,4:06:27,PM,39
3/28/2019,4:06:28,PM,39
3/28/2019,4:06:29,PM,39
3/28/2019,4:06:30,PM,39
3/28/2019,4:06:31,PM,39
3/28/2019,4:06:32,PM,39
3/28/2019,4:06:33,PM,39
3/28/2019,4:06:34,PM,39
3/28/2019,4:06:35,PM,39
3/28/2019,4:06:36,PM,39
3/28/2019,4:06:37,PM,39
3/28/2019,4:06:38,PM,39
3/28/2019,4:06:39,PM,39
3/28/2019,4:06:40,PM,39
3/28/2019,4:06:41,PM,39
3/28/2019,4:06:42,PM,39
3/28/2019,4:06:43,PM,39
3/28/2019,4:06:44,PM,39
3/28/2019,4:06:45,PM,39
3/28/2019,4:06:46,PM,39
3/28/2019,4:06:47,PM,39
3/28/2019,4:06:48,PM,39
3/28/2019,4:06:49,PM,38
3/28/2019,4:06:50,PM,38
3/28/2019,4:06:51,PM,37
3/28/2019,4:06:52,PM,37
3/28/2019,4:06:53,PM,38
3/28/2019,4:06:54,PM,38
3/28/2019,4:06:55,PM,38
3/28/2019,4:06:56,PM,38
3/28/2019,4:06:57,PM,38
3/28/2019,4:06:58,PM,38
3/28/2019,4:06:59,PM,38
3/28/2019,4:07:00,PM,38
3/28/2019,4:07:01,PM,38
3/28/2019,4:07:02,PM,38
3/28/2019,4:07:03,PM,39
3/28/2019,4:07:04,PM,38
3/28/2019,4:07:05,PM,39
3/28/2019,4:07:06,PM,39
3/28/2019,4:07:07,PM,39
3/28/2019,4:07:08,PM,39
3/28/2019,4:07:09,PM,39
3/28/2019,4:07:10,PM,39
3/28/2019,4:07:11,PM,39
3/28/2019,4:07:12,PM,39
3/28/2019,4:07:13,PM,39
3/28/2019,4:07:14,PM,39
3/28/2019,4:07:15,PM,39
3/28/2019,4:07:16,PM,39
3/28/2019,4:07:17,PM,39
3/28/2019,4:07:18,PM,39
3/28/2019,4:07:19,PM,40
3/28/2019,4:07:20,PM,40
3/28/2019,4:07:21,PM,40
3/28/2019,4:07:23,PM,40
3/28/2019,4:07:24,PM,40
3/28/2019,4:07:25,PM,40
3/28/2019,4:07:26,PM,40
3/28/2019,4:07:27,PM,40
3/28/2019,4:07:28,PM,40
3/28/2019,4:07:29,PM,40
3/28/2019,4:07:30,PM,40
3/28/2019,4:07:31,PM,40
3/28/2019,4:07:32,PM,40
3/28/2019,4:07:33,PM,40
3/28/2019,4:07:34,PM,40
3/28/2019,4:07:35,PM,40
3/28/2019,4:07:36,PM,40
3/28/2019,4:07:37,PM,40
3/28/2019,4:07:38,PM,40
3/28/2019,4:07:39,PM,40
3/28/2019,4:07:40,PM,40
3/28/2019,4:07:41,PM,40
3/28/2019,4:07:42,PM,40
3/28/2019,4:07:43,PM,40
3/28/2019,4:07:44,PM,40
3/28/2019,4:07:45,PM,40
3/28/2019,4:07:46,PM,40
3/28/2019,4:07:47,PM,40
3/28/2019,4:07:48,PM,41
3/28/2019,4:07:49,PM,41
3/28/2019,4:07:50,PM,41
3/28/2019,4:07:51,PM,41
3/28/2019,4:07:52,PM,41
3/28/2019,4:07:53,PM,41
3/28/2019,4:07:54,PM,41
3/28/2019,4:07:55,PM,41
3/28/2019,4:07:56,PM,41
3/28/2019,4:07:57,PM,41
3/28/2019,4:07:58,PM,41
3/28/2019,4:07:59,PM,41
3/28/2019,4:08:00,PM,41
3/28/2019,4:08:01,PM,42
3/28/2019,4:08:02,PM,41
3/28/2019,4:08:03,PM,41
3/28/2019,4:08:04,PM,41
3/28/2019,4:08:05,PM,42
3/28/2019,4:08:06,PM,42
3/28/2019,4:08:07,PM,42
3/28/2019,4:08:08,PM,42
3/28/2019,4:08:09,PM,42
3/28/2019,4:08:10,PM,42
3/28/2019,4:08:11,PM,42
3/28/2019,4:08:12,PM,43
3/28/2019,4:08:13,PM,43
3/28/2019,4:08:14,PM,43
3/28/2019,4:08:15,PM,44
3/28/2019,4:08:16,PM,44
3/28/2019,4:08:17,PM,44
3/28/2019,4:08:18,PM,44
3/28/2019,4:08:19,PM,44
3/28/2019,4:08:20,PM,44
3/28/2019,4:08:21,PM,44
3/28/2019,4:08:22,PM,44
3/28/2019,4:08:23,PM,44
3/28/2019,4:08:24,PM,44
3/28/2019,4:08:25,PM,45
3/28/2019,4:08:26,PM,45
3/28/2019,4:08:28,PM,44
3/28/2019,4:08:29,PM,44
3/28/2019,4:08:30,PM,45
3/28/2019,4:08:31,PM,45
3/28/2019,4:08:32,PM,45
3/28/2019,4:08:33,PM,45
3/28/2019,4:08:34,PM,45
3/28/2019,4:08:35,PM,45
3/28/2019,4:08:36,PM,45
3/28/2019,4:08:37,PM,45
3/28/2019,4:08:38,PM,45
3/28/2019,4:08:39,PM,45
3/28/2019,4:08:40,PM,45
3/28/2019,4:08:41,PM,45
3/28/2019,4:08:42,PM,45
3/28/2019,4:08:43,PM,45
3/28/2019,4:08:44,PM,45
3/28/2019,4:08:45,PM,45
3/28/2019,4:08:46,PM,45
3/28/2019,4:08:47,PM,45
3/28/2019,4:08:48,PM,45
3/28/2019,4:08:49,PM,45
3/28/2019,4:08:50,PM,45
3/28/2019,4:08:51,PM,45
3/28/2019,4:08:52,PM,45
3/28/2019,4:08:53,PM,45
3/28/2019,4:08:54,PM,45
3/28/2019,4:08:55,PM,45
3/28/2019,4:08:56,PM,44
3/28/2019,4:08:57,PM,44
3/28/2019,4:08:58,PM,44
3/28/2019,4:08:59,PM,43
3/28/2019,4:09:00,PM,43
3/28/2019,4:09:01,PM,44
3/28/2019,4:09:02,PM,44
3/28/2019,4:09:03,PM,44
3/28/2019,4:09:04,PM,43
3/28/2019,4:09:05,PM,43
3/28/2019,4:09:06,PM,43
3/28/2019,4:09:07,PM,43
3/28/2019,4:09:08,PM,43
3/28/2019,4:09:09,PM,43
3/28/2019,4:09:10,PM,43
3/28/2019,4:09:11,PM,43
3/28/2019,4:09:12,PM,43
3/28/2019,4:09:13,PM,43
3/28/2019,4:09:14,PM,43
3/28/2019,4:09:15,PM,43
3/28/2019,4:09:16,PM,43
3/28/2019,4:09:17,PM,43
3/28/2019,4:09:18,PM,43
3/28/2019,4:09:19,PM,43
3/28/2019,4:09:20,PM,43
3/28/2019,4:09:21,PM,43
3/28/2019,4:09:22,PM,43
3/28/2019,4:09:23,PM,43
3/28/2019,4:09:24,PM,43
3/28/2019,4:09:25,PM,43
3/28/2019,4:09:27,PM,44
3/28/2019,4:09:29,PM,44
3/28/2019,4:09:30,PM,44
3/28/2019,4:09:31,PM,44
3/28/2019,4:09:32,PM,44
3/28/2019,4:09:33,PM,44
3/28/2019,4:09:34,PM,44
3/28/2019,4:09:35,PM,44
3/28/2019,4:09:36,PM,44
3/28/2019,4:09:37,PM,45
3/28/2019,4:09:38,PM,45
3/28/2019,4:09:39,PM,45
3/28/2019,4:09:40,PM,46
3/28/2019,4:09:41,PM,46
3/28/2019,4:09:42,PM,46
3/28/2019,4:09:43,PM,46
3/28/2019,4:09:44,PM,46
3/28/2019,4:09:45,PM,46
3/28/2019,4:09:46,PM,46
3/28/2019,4:09:47,PM,46
3/28/2019,4:09:48,PM,46
3/28/2019,4:09:49,PM,46
3/28/2019,4:09:50,PM,46
3/28/2019,4:09:51,PM,46
3/28/2019,4:09:52,PM,46
3/28/2019,4:09:53,PM,46
3/28/2019,4:09:54,PM,47
3/28/2019,4:09:55,PM,47
3/28/2019,4:09:56,PM,47
3/28/2019,4:09:57,PM,47
3/28/2019,4:09:58,PM,47
3/28/2019,4:09:59,PM,47
3/28/2019,4:10:00,PM,47
3/28/2019,4:10:01,PM,47
3/28/2019,4:10:02,PM,47
3/28/2019,4:10:03,PM,47
3/28/2019,4:10:04,PM,47
3/28/2019,4:10:05,PM,47
3/28/2019,4:10:06,PM,47
3/28/2019,4:10:07,PM,47
3/28/2019,4:10:08,PM,47
3/28/2019,4:10:09,PM,46
3/28/2019,4:10:10,PM,46
3/28/2019,4:10:11,PM,45
3/28/2019,4:10:12,PM,45
3/28/2019,4:10:13,PM,45
3/28/2019,4:10:14,PM,45
3/28/2019,4:10:15,PM,45
3/28/2019,4:10:16,PM,45
3/28/2019,4:10:17,PM,45
3/28/2019,4:10:18,PM,45
3/28/2019,4:10:19,PM,45
3/28/2019,4:10:20,PM,46
3/28/2019,4:10:21,PM,46
3/28/2019,4:10:22,PM,45
3/28/2019,4:10:23,PM,46
3/28/2019,4:10:24,PM,46
3/28/2019,4:10:25,PM,45
3/28/2019,4:10:26,PM,46
3/28/2019,4:10:27,PM,46
3/28/2019,4:10:29,PM,46
3/28/2019,4:10:30,PM,46
3/28/2019,4:10:31,PM,46
3/28/2019,4:10:32,PM,46
3/28/2019,4:10:33,PM,46
3/28/2019,4:10:34,PM,45
3/28/2019,4:10:35,PM,44
3/28/2019,4:10:36,PM,44
3/28/2019,4:10:37,PM,44
3/28/2019,4:10:38,PM,44
3/28/2019,4:10:39,PM,44
3/28/2019,4:10:40,PM,45
3/28/2019,4:10:41,PM,45
3/28/2019,4:10:42,PM,46
3/28/2019,4:10:43,PM,46
3/28/2019,4:10:44,PM,46
3/28/2019,4:10:45,PM,47
3/28/2019,4:10:46,PM,47
3/28/2019,4:10:47,PM,47
3/28/2019,4:10:48,PM,48
3/28/2019,4:10:49,PM,48
3/28/2019,4:10:50,PM,48
3/28/2019,4:10:51,PM,48
3/28/2019,4:10:52,PM,48
3/28/2019,4:10:53,PM,48
3/28/2019,4:10:54,PM,48
3/28/2019,4:10:55,PM,48
3/28/2019,4:10:56,PM,49
3/28/2019,4:10:57,PM,49
3/28/2019,4:10:58,PM,49
3/28/2019,4:10:59,PM,49
3/28/2019,4:11:00,PM,49
3/28/2019,4:11:01,PM,49
3/28/2019,4:11:02,PM,49
3/28/2019,4:11:03,PM,49
3/28/2019,4:11:04,PM,50
3/28/2019,4:11:05,PM,50
3/28/2019,4:11:06,PM,50
3/28/2019,4:11:07,PM,50
3/28/2019,4:11:08,PM,50
3/28/2019,4:11:09,PM,50
3/28/2019,4:11:10,PM,50
3/28/2019,4:11:11,PM,50
3/28/2019,4:11:12,PM,50
3/28/2019,4:11:13,PM,50
3/28/2019,4:11:14,PM,50
3/28/2019,4:11:15,PM,51
3/28/2019,4:11:16,PM,51
3/28/2019,4:11:17,PM,50
3/28/2019,4:11:18,PM,50
3/28/2019,4:11:19,PM,50
3/28/2019,4:11:20,PM,50
3/28/2019,4:11:21,PM,50
3/28/2019,4:11:22,PM,50
3/28/2019,4:11:23,PM,50
3/28/2019,4:11:24,PM,50
3/28/2019,4:11:25,PM,50
3/28/2019,4:11:26,PM,50
3/28/2019,4:11:27,PM,51
3/28/2019,4:11:28,PM,51
3/28/2019,4:11:30,PM,51
3/28/2019,4:11:31,PM,51
3/28/2019,4:11:32,PM,51
3/28/2019,4:11:33,PM,51
3/28/2019,4:11:34,PM,51
3/28/2019,4:11:35,PM,51
3/28/2019,4:11:36,PM,51
3/28/2019,4:11:37,PM,51
3/28/2019,4:11:38,PM,51
3/28/2019,4:11:39,PM,51
3/28/2019,4:11:40,PM,51
3/28/2019,4:11:41,PM,51
3/28/2019,4:11:42,PM,51
3/28/2019,4:11:43,PM,51
3/28/2019,4:11:44,PM,50
3/28/2019,4:11:45,PM,51
3/28/2019,4:11:46,PM,51
3/28/2019,4:11:47,PM,51
3/28/2019,4:11:48,PM,51
3/28/2019,4:11:49,PM,51
3/28/2019,4:11:50,PM,51
3/28/2019,4:11:51,PM,51
3/28/2019,4:11:52,PM,51
3/28/2019,4:11:53,PM,51
3/28/2019,4:11:54,PM,51
3/28/2019,4:11:55,PM,52
3/28/2019,4:11:56,PM,52
3/28/2019,4:11:57,PM,52
3/28/2019,4:11:58,PM,52
3/28/2019,4:11:59,PM,51
3/28/2019,4:12:00,PM,51
3/28/2019,4:12:01,PM,51
3/28/2019,4:12:02,PM,52
3/28/2019,4:12:03,PM,51
3/28/2019,4:12:04,PM,51
3/28/2019,4:12:05,PM,51
3/28/2019,4:12:06,PM,51
3/28/2019,4:12:07,PM,51
3/28/2019,4:12:08,PM,51
3/28/2019,4:12:09,PM,51
3/28/2019,4:12:10,PM,51
3/28/2019,4:12:11,PM,51
3/28/2019,4:12:12,PM,51
3/28/2019,4:12:13,PM,51
3/28/2019,4:12:14,PM,51
3/28/2019,4:12:15,PM,51
3/28/2019,4:12:16,PM,51
3/28/2019,4:12:17,PM,51
3/28/2019,4:12:18,PM,52
3/28/2019,4:12:19,PM,52
3/28/2019,4:12:20,PM,52
3/28/2019,4:12:21,PM,52
3/28/2019,4:12:22,PM,52
3/28/2019,4:12:23,PM,52
3/28/2019,4:12:24,PM,52
3/28/2019,4:12:25,PM,52
3/28/2019,4:12:26,PM,52
3/28/2019,4:12:27,PM,53
3/28/2019,4:12:28,PM,53
3/28/2019,4:12:30,PM,53
3/28/2019,4:12:31,PM,53
3/28/2019,4:12:32,PM,53
3/28/2019,4:12:33,PM,54
3/28/2019,4:12:34,PM,54
3/28/2019,4:12:35,PM,53
3/28/2019,4:12:36,PM,53
3/28/2019,4:12:37,PM,53
3/28/2019,4:12:38,PM,54
3/28/2019,4:12:39,PM,54
3/28/2019,4:12:40,PM,54
3/28/2019,4:12:41,PM,54
3/28/2019,4:12:42,PM,55
3/28/2019,4:12:43,PM,55
3/28/2019,4:12:44,PM,55
3/28/2019,4:12:45,PM,55
3/28/2019,4:12:46,PM,55
3/28/2019,4:12:47,PM,55
3/28/2019,4:12:48,PM,55
3/28/2019,4:12:49,PM,56
3/28/2019,4:12:50,PM,56
3/28/2019,4:12:51,PM,56
3/28/2019,4:12:52,PM,56
3/28/2019,4:12:53,PM,57
3/28/2019,4:12:54,PM,57
3/28/2019,4:12:55,PM,57
3/28/2019,4:12:56,PM,57
3/28/2019,4:12:57,PM,57
3/28/2019,4:12:58,PM,57
3/28/2019,4:12:59,PM,57
3/28/2019,4:13:00,PM,57
3/28/2019,4:13:01,PM,57
3/28/2019,4:13:02,PM,57
3/28/2019,4:13:03,PM,58
3/28/2019,4:13:04,PM,58
3/28/2019,4:13:05,PM,58
3/28/2019,4:13:06,PM,58
3/28/2019,4:13:07,PM,58
3/28/2019,4:13:08,PM,58
3/28/2019,4:13:09,PM,58
3/28/2019,4:13:10,PM,58
3/28/2019,4:13:11,PM,58
3/28/2019,4:13:13,PM,59
3/28/2019,4:13:14,PM,59
3/28/2019,4:13:15,PM,59
3/28/2019,4:13:16,PM,59
3/28/2019,4:13:17,PM,58
3/28/2019,4:13:18,PM,58
3/28/2019,4:13:19,PM,58
3/28/2019,4:13:20,PM,58
3/28/2019,4:13:21,PM,58
3/28/2019,4:13:22,PM,58
3/28/2019,4:13:23,PM,58
3/28/2019,4:13:24,PM,58
3/28/2019,4:13:25,PM,58
3/28/2019,4:13:26,PM,58
3/28/2019,4:13:27,PM,58
3/28/2019,4:13:28,PM,58
3/28/2019,4:13:29,PM,58
3/28/2019,4:13:30,PM,58
3/28/2019,4:13:31,PM,58
3/28/2019,4:13:32,PM,58
3/28/2019,4:13:33,PM,57
3/28/2019,4:13:34,PM,57
3/28/2019,4:13:35,PM,57
3/28/2019,4:13:36,PM,57
3/28/2019,4:13:37,PM,57
3/28/2019,4:13:38,PM,57
3/28/2019,4:13:39,PM,56
3/28/2019,4:13:40,PM,56
3/28/2019,4:13:41,PM,56
3/28/2019,4:13:42,PM,56
3/28/2019,4:13:43,PM,56
3/28/2019,4:13:44,PM,56
3/28/2019,4:13:45,PM,56
3/28/2019,4:13:46,PM,55
3/28/2019,4:13:47,PM,55
3/28/2019,4:13:48,PM,55
3/28/2019,4:13:49,PM,55
3/28/2019,4:13:50,PM,55
3/28/2019,4:13:51,PM,55
3/28/2019,4:13:52,PM,55
3/28/2019,4:13:53,PM,54
3/28/2019,4:13:54,PM,54
3/28/2019,4:13:55,PM,53
3/28/2019,4:13:56,PM,53
3/28/2019,4:13:57,PM,52
3/28/2019,4:13:58,PM,52
3/28/2019,4:13:59,PM,53
3/28/2019,4:14:00,PM,53
3/28/2019,4:14:01,PM,52
3/28/2019,4:14:02,PM,52
3/28/2019,4:14:03,PM,52
3/28/2019,4:14:04,PM,52
3/28/2019,4:14:05,PM,52
3/28/2019,4:14:06,PM,52
3/28/2019,4:14:07,PM,52
3/28/2019,4:14:08,PM,52
3/28/2019,4:14:09,PM,52
3/28/2019,4:14:10,PM,52
3/28/2019,4:14:12,PM,53
3/28/2019,4:14:13,PM,53
3/28/2019,4:14:14,PM,53
3/28/2019,4:14:15,PM,53
3/28/2019,4:14:16,PM,53
3/28/2019,4:14:17,PM,53
3/28/2019,4:14:18,PM,52
3/28/2019,4:14:19,PM,52
3/28/2019,4:14:20,PM,51
3/28/2019,4:14:21,PM,51
3/28/2019,4:14:22,PM,51
3/28/2019,4:14:23,PM,50
3/28/2019,4:14:24,PM,49
3/28/2019,4:14:25,PM,49
3/28/2019,4:14:26,PM,49
3/28/2019,4:14:27,PM,49
3/28/2019,4:14:28,PM,48
3/28/2019,4:14:29,PM,47
3/28/2019,4:14:30,PM,48
3/28/2019,4:14:31,PM,48
3/28/2019,4:14:32,PM,49
3/28/2019,4:14:33,PM,49
3/28/2019,4:14:34,PM,49
3/28/2019,4:14:35,PM,49
3/28/2019,4:14:36,PM,49
3/28/2019,4:14:37,PM,49
3/28/2019,4:14:38,PM,49
3/28/2019,4:14:39,PM,49
3/28/2019,4:14:40,PM,49
3/28/2019,4:14:41,PM,49
3/28/2019,4:14:42,PM,49
3/28/2019,4:14:43,PM,49
3/28/2019,4:14:44,PM,49
3/28/2019,4:14:45,PM,48
3/28/2019,4:14:46,PM,49
3/28/2019,4:14:47,PM,48
3/28/2019,4:14:48,PM,49
3/28/2019,4:14:49,PM,48
3/28/2019,4:14:50,PM,48
3/28/2019,4:14:51,PM,48
3/28/2019,4:14:52,PM,48
3/28/2019,4:14:53,PM,48
3/28/2019,4:14:54,PM,49
3/28/2019,4:14:55,PM,48
3/28/2019,4:14:56,PM,49
3/28/2019,4:14:57,PM,49
3/28/2019,4:14:58,PM,49
3/28/2019,4:14:59,PM,49
3/28/2019,4:15:00,PM,49
3/28/2019,4:15:01,PM,49
3/28/2019,4:15:02,PM,50
3/28/2019,4:15:03,PM,51
3/28/2019,4:15:04,PM,51
3/28/2019,4:15:05,PM,51
3/28/2019,4:15:06,PM,50
3/28/2019,4:15:07,PM,51
3/28/2019,4:15:08,PM,51
3/28/2019,4:15:09,PM,51
3/28/2019,4:15:10,PM,51
3/28/2019,4:15:11,PM,51
3/28/2019,4:15:12,PM,51
3/28/2019,4:15:14,PM,51
3/28/2019,4:15:15,PM,51
3/28/2019,4:15:16,PM,51
3/28/2019,4:15:17,PM,51
3/28/2019,4:15:18,PM,51
3/28/2019,4:15:19,PM,51
3/28/2019,4:15:20,PM,52
3/28/2019,4:15:21,PM,52
3/28/2019,4:15:22,PM,52
3/28/2019,4:15:23,PM,52
3/28/2019,4:15:24,PM,52
3/28/2019,4:15:25,PM,52
3/28/2019,4:15:26,PM,52
3/28/2019,4:15:27,PM,52
3/28/2019,4:15:28,PM,52
3/28/2019,4:15:29,PM,52
3/28/2019,4:15:30,PM,52
3/28/2019,4:15:31,PM,52
3/28/2019,4:15:32,PM,52
3/28/2019,4:15:33,PM,52
3/28/2019,4:15:34,PM,51
3/28/2019,4:15:35,PM,52
3/28/2019,4:15:36,PM,52
3/28/2019,4:15:37,PM,51
3/28/2019,4:15:38,PM,51
3/28/2019,4:15:39,PM,51
3/28/2019,4:15:40,PM,52
3/28/2019,4:15:41,PM,52
3/28/2019,4:15:42,PM,52
3/28/2019,4:15:43,PM,52
3/28/2019,4:15:44,PM,52
3/28/2019,4:15:45,PM,52
3/28/2019,4:15:46,PM,52
3/28/2019,4:15:47,PM,52
3/28/2019,4:15:48,PM,52
3/28/2019,4:15:49,PM,52
3/28/2019,4:15:50,PM,52
3/28/2019,4:15:51,PM,52
3/28/2019,4:15:52,PM,52
3/28/2019,4:15:53,PM,52
3/28/2019,4:15:54,PM,52
3/28/2019,4:15:55,PM,52
3/28/2019,4:15:56,PM,52
3/28/2019,4:15:57,PM,51
3/28/2019,4:15:58,PM,52
3/28/2019,4:15:59,PM,52
3/28/2019,4:16:00,PM,52
3/28/2019,4:16:01,PM,52
3/28/2019,4:16:02,PM,52
3/28/2019,4:16:03,PM,52
3/28/2019,4:16:04,PM,51
3/28/2019,4:16:05,PM,52
3/28/2019,4:16:06,PM,52
3/28/2019,4:16:07,PM,52
3/28/2019,4:16:08,PM,52
3/28/2019,4:16:09,PM,52
3/28/2019,4:16:10,PM,52
3/28/2019,4:16:11,PM,52
3/28/2019,4:16:12,PM,52
3/28/2019,4:16:14,PM,52
3/28/2019,4:16:15,PM,52
3/28/2019,4:16:16,PM,52
3/28/2019,4:16:17,PM,52
3/28/2019,4:16:18,PM,53
3/28/2019,4:16:19,PM,53
3/28/2019,4:16:20,PM,53
3/28/2019,4:16:21,PM,53
3/28/2019,4:16:22,PM,53
3/28/2019,4:16:23,PM,53
3/28/2019,4:16:24,PM,53
3/28/2019,4:16:25,PM,53
3/28/2019,4:16:26,PM,52
3/28/2019,4:16:27,PM,52
3/28/2019,4:16:28,PM,52
3/28/2019,4:16:29,PM,52
3/28/2019,4:16:30,PM,52
3/28/2019,4:16:31,PM,53
3/28/2019,4:16:32,PM,53
3/28/2019,4:16:33,PM,53
3/28/2019,4:16:34,PM,53
3/28/2019,4:16:35,PM,52
3/28/2019,4:16:36,PM,52
3/28/2019,4:16:37,PM,52
3/28/2019,4:16:38,PM,51
3/28/2019,4:16:39,PM,51
3/28/2019,4:16:40,PM,51
3/28/2019,4:16:41,PM,51
3/28/2019,4:16:42,PM,51
3/28/2019,4:16:43,PM,51
3/28/2019,4:16:44,PM,51
3/28/2019,4:16:45,PM,51
3/28/2019,4:16:46,PM,51
3/28/2019,4:16:47,PM,51
3/28/2019,4:16:48,PM,51
3/28/2019,4:16:49,PM,51
3/28/2019,4:16:50,PM,51
3/28/2019,4:16:51,PM,51
3/28/2019,4:16:52,PM,51
3/28/2019,4:16:53,PM,51
3/28/2019,4:16:54,PM,51
3/28/2019,4:16:55,PM,51
3/28/2019,4:16:56,PM,51
3/28/2019,4:16:57,PM,51
3/28/2019,4:16:58,PM,51
3/28/2019,4:16:59,PM,51
3/28/2019,4:17:00,PM,51
3/28/2019,4:17:01,PM,51
3/28/2019,4:17:02,PM,51
3/28/2019,4:17:03,PM,51
3/28/2019,4:17:04,PM,51
3/28/2019,4:17:05,PM,51
3/28/2019,4:17:06,PM,51
3/28/2019,4:17:07,PM,51
3/28/2019,4:17:08,PM,51
3/28/2019,4:17:09,PM,51
3/28/2019,4:17:10,PM,51
3/28/2019,4:17:11,PM,51
3/28/2019,4:17:13,PM,51
3/28/2019,4:17:14,PM,51
3/28/2019,4:17:15,PM,51
3/28/2019,4:17:16,PM,51
3/28/2019,4:17:17,PM,51
3/28/2019,4:17:18,PM,51
3/28/2019,4:17:19,PM,51
3/28/2019,4:17:20,PM,51
3/28/2019,4:17:21,PM,51
3/28/2019,4:17:22,PM,51
3/28/2019,4:17:23,PM,51
3/28/2019,4:17:24,PM,51
3/28/2019,4:17:25,PM,51
3/28/2019,4:17:26,PM,52
3/28/2019,4:17:27,PM,51
3/28/2019,4:17:28,PM,51
3/28/2019,4:17:29,PM,51
3/28/2019,4:17:30,PM,52
3/28/2019,4:17:31,PM,52
3/28/2019,4:17:32,PM,52
3/28/2019,4:17:33,PM,52
3/28/2019,4:17:34,PM,52
3/28/2019,4:17:35,PM,52
3/28/2019,4:17:36,PM,52
3/28/2019,4:17:37,PM,52
3/28/2019,4:17:38,PM,52
3/28/2019,4:17:39,PM,52
3/28/2019,4:17:40,PM,52
3/28/2019,4:17:41,PM,52
3/28/2019,4:17:42,PM,52
3/28/2019,4:17:43,PM,52
3/28/2019,4:17:44,PM,52
3/28/2019,4:17:45,PM,52
3/28/2019,4:17:46,PM,52
3/28/2019,4:17:47,PM,53
3/28/2019,4:17:48,PM,53
3/28/2019,4:17:49,PM,54
3/28/2019,4:17:50,PM,54
3/28/2019,4:17:51,PM,54
3/28/2019,4:17:52,PM,54
3/28/2019,4:17:53,PM,54
3/28/2019,4:17:54,PM,54
3/28/2019,4:17:55,PM,54
3/28/2019,4:17:56,PM,54
3/28/2019,4:17:57,PM,54
3/28/2019,4:17:58,PM,55
3/28/2019,4:17:59,PM,55
3/28/2019,4:18:00,PM,55
3/28/2019,4:18:01,PM,55
3/28/2019,4:18:02,PM,56
3/28/2019,4:18:03,PM,56
3/28/2019,4:18:04,PM,56
3/28/2019,4:18:05,PM,56
3/28/2019,4:18:06,PM,56
3/28/2019,4:18:07,PM,56
3/28/2019,4:18:08,PM,56
3/28/2019,4:18:09,PM,55
3/28/2019,4:18:10,PM,55
3/28/2019,4:18:11,PM,55
3/28/2019,4:18:12,PM,54
3/28/2019,4:18:14,PM,53
3/28/2019,4:18:15,PM,52
3/28/2019,4:18:16,PM,51
3/28/2019,4:18:17,PM,51
3/28/2019,4:18:18,PM,51
3/28/2019,4:18:19,PM,50
3/28/2019,4:18:20,PM,50
3/28/2019,4:18:21,PM,49
3/28/2019,4:18:22,PM,49
3/28/2019,4:18:23,PM,49
3/28/2019,4:18:24,PM,49
3/28/2019,4:18:25,PM,49
3/28/2019,4:18:26,PM,49
3/28/2019,4:18:27,PM,49
3/28/2019,4:18:28,PM,49
3/28/2019,4:18:29,PM,49
3/28/2019,4:18:30,PM,49
3/28/2019,4:18:31,PM,49
3/28/2019,4:18:32,PM,49
3/28/2019,4:18:33,PM,49
3/28/2019,4:18:34,PM,49
3/28/2019,4:18:35,PM,50
3/28/2019,4:18:36,PM,50
3/28/2019,4:18:37,PM,49
3/28/2019,4:18:38,PM,49
3/28/2019,4:18:39,PM,49
3/28/2019,4:18:40,PM,49
3/28/2019,4:18:41,PM,49
3/28/2019,4:18:42,PM,49
3/28/2019,4:18:43,PM,50
3/28/2019,4:18:44,PM,50
3/28/2019,4:18:45,PM,50
3/28/2019,4:18:46,PM,50
3/28/2019,4:18:47,PM,50
3/28/2019,4:18:48,PM,50
3/28/2019,4:18:49,PM,50
3/28/2019,4:18:50,PM,50
3/28/2019,4:18:51,PM,50
3/28/2019,4:18:52,PM,50
3/28/2019,4:18:53,PM,50
3/28/2019,4:18:54,PM,50
3/28/2019,4:18:55,PM,50
3/28/2019,4:18:56,PM,50
3/28/2019,4:18:57,PM,50
3/28/2019,4:18:58,PM,50
3/28/2019,4:18:59,PM,50
3/28/2019,4:19:00,PM,50
3/28/2019,4:19:01,PM,50
3/28/2019,4:19:02,PM,50
3/28/2019,4:19:03,PM,50
3/28/2019,4:19:04,PM,49
3/28/2019,4:19:05,PM,49
3/28/2019,4:19:06,PM,50
3/28/2019,4:19:07,PM,50
3/28/2019,4:19:08,PM,49
3/28/2019,4:19:09,PM,49
3/28/2019,4:19:10,PM,48
3/28/2019,4:19:11,PM,47
3/28/2019,4:19:12,PM,47
3/28/2019,4:19:14,PM,47
3/28/2019,4:19:15,PM,47
3/28/2019,4:19:16,PM,47
3/28/2019,4:19:17,PM,46
3/28/2019,4:19:18,PM,46
3/28/2019,4:19:19,PM,46
3/28/2019,4:19:20,PM,46
3/28/2019,4:19:21,PM,46
3/28/2019,4:19:22,PM,46
3/28/2019,4:19:23,PM,46
3/28/2019,4:19:24,PM,46
3/28/2019,4:19:25,PM,46
3/28/2019,4:19:26,PM,46
3/28/2019,4:19:27,PM,46
3/28/2019,4:19:28,PM,46
3/28/2019,4:19:29,PM,46
3/28/2019,4:19:30,PM,46
3/28/2019,4:19:31,PM,46
3/28/2019,4:19:32,PM,46
3/28/2019,4:19:33,PM,46
3/28/2019,4:19:34,PM,46
3/28/2019,4:19:35,PM,46
3/28/2019,4:19:36,PM,46
3/28/2019,4:19:37,PM,46
3/28/2019,4:19:38,PM,46
3/28/2019,4:19:39,PM,46
3/28/2019,4:19:40,PM,46
3/28/2019,4:19:41,PM,46
3/28/2019,4:19:42,PM,46
3/28/2019,4:19:43,PM,46
3/28/2019,4:19:44,PM,46
3/28/2019,4:19:45,PM,46
3/28/2019,4:19:46,PM,46
3/28/2019,4:19:47,PM,46
3/28/2019,4:19:48,PM,46
3/28/2019,4:19:49,PM,46
3/28/2019,4:19:50,PM,46
3/28/2019,4:19:51,PM,46
3/28/2019,4:19:52,PM,45
3/28/2019,4:19:53,PM,45
3/28/2019,4:19:54,PM,45
3/28/2019,4:19:55,PM,44
3/28/2019,4:19:56,PM,44
3/28/2019,4:19:57,PM,44
3/28/2019,4:19:58,PM,44
3/28/2019,4:19:59,PM,44
3/28/2019,4:20:00,PM,44
3/28/2019,4:20:01,PM,44
3/28/2019,4:20:02,PM,44
3/28/2019,4:20:03,PM,44
3/28/2019,4:20:04,PM,44
3/28/2019,4:20:05,PM,44
3/28/2019,4:20:06,PM,44
3/28/2019,4:20:07,PM,44
3/28/2019,4:20:08,PM,44
3/28/2019,4:20:09,PM,44
3/28/2019,4:20:10,PM,44
3/28/2019,4:20:11,PM,44
3/28/2019,4:20:12,PM,45
3/28/2019,4:20:13,PM,45
3/28/2019,4:20:15,PM,45
3/28/2019,4:20:16,PM,45
3/28/2019,4:20:17,PM,45
3/28/2019,4:20:18,PM,45
3/28/2019,4:20:19,PM,45
3/28/2019,4:20:20,PM,45
3/28/2019,4:20:21,PM,46
3/28/2019,4:20:22,PM,46
3/28/2019,4:20:23,PM,46
3/28/2019,4:20:24,PM,46
3/28/2019,4:20:25,PM,46
3/28/2019,4:20:26,PM,46
3/28/2019,4:20:27,PM,46
3/28/2019,4:20:28,PM,46
3/28/2019,4:20:29,PM,46
3/28/2019,4:20:30,PM,47
3/28/2019,4:20:31,PM,47
3/28/2019,4:20:32,PM,47
3/28/2019,4:20:33,PM,47
3/28/2019,4:20:34,PM,47
3/28/2019,4:20:35,PM,47
3/28/2019,4:20:36,PM,47
3/28/2019,4:20:37,PM,47
3/28/2019,4:20:38,PM,47
3/28/2019,4:20:39,PM,47
3/28/2019,4:20:40,PM,48
3/28/2019,4:20:41,PM,47
3/28/2019,4:20:42,PM,47
3/28/2019,4:20:43,PM,47
3/28/2019,4:20:44,PM,47
3/28/2019,4:20:45,PM,47
3/28/2019,4:20:46,PM,47
3/28/2019,4:20:47,PM,47
3/28/2019,4:20:48,PM,47
3/28/2019,4:20:49,PM,47
3/28/2019,4:20:50,PM,47
3/28/2019,4:20:51,PM,47
3/28/2019,4:20:52,PM,47
3/28/2019,4:20:53,PM,47
3/28/2019,4:20:54,PM,47
3/28/2019,4:20:55,PM,47
3/28/2019,4:20:56,PM,47
3/28/2019,4:20:57,PM,47
3/28/2019,4:20:58,PM,47
3/28/2019,4:20:59,PM,47
3/28/2019,4:21:00,PM,47
3/28/2019,4:21:01,PM,47
3/28/2019,4:21:02,PM,47
3/28/2019,4:21:03,PM,47
3/28/2019,4:21:04,PM,47
3/28/2019,4:21:05,PM,47
3/28/2019,4:21:06,PM,47
3/28/2019,4:21:07,PM,47
3/28/2019,4:21:08,PM,47
3/28/2019,4:21:09,PM,47
3/28/2019,4:21:10,PM,47
3/28/2019,4:21:11,PM,47
3/28/2019,4:21:12,PM,47
3/28/2019,4:21:13,PM,47
3/28/2019,4:21:14,PM,47
3/28/2019,4:21:15,PM,47
3/28/2019,4:21:16,PM,47
3/28/2019,4:21:17,PM,47
3/28/2019,4:21:18,PM,47
3/28/2019,4:21:19,PM,48
3/28/2019,4:21:21,PM,48
3/28/2019,4:21:22,PM,48
3/28/2019,4:21:23,PM,48
3/28/2019,4:21:24,PM,48
3/28/2019,4:21:25,PM,48
3/28/2019,4:21:26,PM,48
3/28/2019,4:21:27,PM,48
3/28/2019,4:21:28,PM,48
3/28/2019,4:21:29,PM,48
3/28/2019,4:21:30,PM,48
3/28/2019,4:21:31,PM,48
3/28/2019,4:21:32,PM,48
3/28/2019,4:21:33,PM,48
3/28/2019,4:21:34,PM,48
3/28/2019,4:21:35,PM,48
3/28/2019,4:21:36,PM,48
3/28/2019,4:21:37,PM,48
3/28/2019,4:21:38,PM,48
3/28/2019,4:21:39,PM,48
3/28/2019,4:21:40,PM,48
3/28/2019,4:21:41,PM,48
3/28/2019,4:21:42,PM,48
3/28/2019,4:21:43,PM,48
3/28/2019,4:21:44,PM,48
3/28/2019,4:21:45,PM,48
3/28/2019,4:21:46,PM,48
3/28/2019,4:21:47,PM,48
3/28/2019,4:21:48,PM,48
3/28/2019,4:21:49,PM,48
3/28/2019,4:21:50,PM,48
3/28/2019,4:21:51,PM,48
3/28/2019,4:21:52,PM,48
3/28/2019,4:21:53,PM,48
3/28/2019,4:21:54,PM,48
3/28/2019,4:21:55,PM,47
3/28/2019,4:21:56,PM,47
3/28/2019,4:21:57,PM,47
3/28/2019,4:21:58,PM,47
3/28/2019,4:21:59,PM,47
3/28/2019,4:22:00,PM,48
3/28/2019,4:22:01,PM,48
3/28/2019,4:22:02,PM,48
3/28/2019,4:22:03,PM,49
3/28/2019,4:22:04,PM,49
3/28/2019,4:22:05,PM,49
3/28/2019,4:22:06,PM,49
3/28/2019,4:22:07,PM,49
3/28/2019,4:22:08,PM,49
3/28/2019,4:22:09,PM,50
3/28/2019,4:22:10,PM,51
3/28/2019,4:22:11,PM,52
3/28/2019,4:22:12,PM,53
3/28/2019,4:22:13,PM,53
3/28/2019,4:22:14,PM,53
3/28/2019,4:22:15,PM,53
3/28/2019,4:22:16,PM,53
3/28/2019,4:22:17,PM,53
3/28/2019,4:22:18,PM,53
3/28/2019,4:22:19,PM,54
3/28/2019,4:22:20,PM,55
3/28/2019,4:22:21,PM,56
3/28/2019,4:22:22,PM,57
3/28/2019,4:22:23,PM,59
3/28/2019,4:22:24,PM,61
3/28/2019,4:22:25,PM,61
3/28/2019,4:22:26,PM,62
3/28/2019,4:22:28,PM,63
3/28/2019,4:22:29,PM,63
3/28/2019,4:22:30,PM,63
3/28/2019,4:22:31,PM,63
3/28/2019,4:22:32,PM,63
3/28/2019,4:22:33,PM,63
3/28/2019,4:22:34,PM,63
3/28/2019,4:22:35,PM,63
3/28/2019,4:22:36,PM,63
3/28/2019,4:22:37,PM,63
3/28/2019,4:22:38,PM,63
3/28/2019,4:22:39,PM,63
3/28/2019,4:22:40,PM,63
3/28/2019,4:22:41,PM,62
3/28/2019,4:22:42,PM,61
3/28/2019,4:22:43,PM,61
3/28/2019,4:22:44,PM,61
3/28/2019,4:22:45,PM,61
3/28/2019,4:22:46,PM,61
3/28/2019,4:22:47,PM,61
3/28/2019,4:22:48,PM,61
3/28/2019,4:22:49,PM,61
3/28/2019,4:22:50,PM,60
3/28/2019,4:22:51,PM,61
3/28/2019,4:22:52,PM,61
3/28/2019,4:22:53,PM,60
3/28/2019,4:22:54,PM,61
3/28/2019,4:22:55,PM,60
3/28/2019,4:22:56,PM,60
3/28/2019,4:22:57,PM,60
3/28/2019,4:22:58,PM,60
3/28/2019,4:22:59,PM,60
3/28/2019,4:23:00,PM,60
3/28/2019,4:23:01,PM,60
3/28/2019,4:23:02,PM,59
3/28/2019,4:23:03,PM,60
3/28/2019,4:23:04,PM,60
3/28/2019,4:23:05,PM,60
3/28/2019,4:23:06,PM,59
3/28/2019,4:23:07,PM,59
3/28/2019,4:23:08,PM,59
3/28/2019,4:23:09,PM,59
3/28/2019,4:23:10,PM,59
3/28/2019,4:23:11,PM,58
3/28/2019,4:23:12,PM,58
3/28/2019,4:23:13,PM,58
3/28/2019,4:23:14,PM,59
3/28/2019,4:23:15,PM,58
3/28/2019,4:23:16,PM,58
3/28/2019,4:23:17,PM,58
3/28/2019,4:23:18,PM,57
3/28/2019,4:23:19,PM,57
3/28/2019,4:23:20,PM,57
3/28/2019,4:23:21,PM,57
3/28/2019,4:23:22,PM,57
3/28/2019,4:23:23,PM,57
3/28/2019,4:23:24,PM,56
3/28/2019,4:23:25,PM,56
3/28/2019,4:23:27,PM,57
3/28/2019,4:23:28,PM,56
3/28/2019,4:23:29,PM,56
3/28/2019,4:23:30,PM,56
3/28/2019,4:23:31,PM,56
3/28/2019,4:23:32,PM,56
3/28/2019,4:23:33,PM,56
3/28/2019,4:23:34,PM,55
3/28/2019,4:23:35,PM,55
3/28/2019,4:23:36,PM,55
3/28/2019,4:23:37,PM,55
3/28/2019,4:23:38,PM,55
3/28/2019,4:23:39,PM,55
3/28/2019,4:23:40,PM,54
3/28/2019,4:23:41,PM,54
3/28/2019,4:23:42,PM,54
3/28/2019,4:23:43,PM,54
3/28/2019,4:23:44,PM,53
3/28/2019,4:23:45,PM,53
3/28/2019,4:23:46,PM,53
3/28/2019,4:23:47,PM,53
3/28/2019,4:23:48,PM,53
3/28/2019,4:23:49,PM,53
3/28/2019,4:23:50,PM,53
3/28/2019,4:23:51,PM,53
3/28/2019,4:23:52,PM,53
3/28/2019,4:23:53,PM,53
3/28/2019,4:23:54,PM,52
3/28/2019,4:23:55,PM,52
3/28/2019,4:23:56,PM,52
3/28/2019,4:23:57,PM,52
3/28/2019,4:23:58,PM,52
3/28/2019,4:23:59,PM,52
3/28/2019,4:24:00,PM,52
3/28/2019,4:24:01,PM,52
3/28/2019,4:24:02,PM,53
3/28/2019,4:24:03,PM,53
3/28/2019,4:24:04,PM,52
3/28/2019,4:24:05,PM,51
3/28/2019,4:24:06,PM,51
3/28/2019,4:24:07,PM,51
3/28/2019,4:24:08,PM,51
3/28/2019,4:24:09,PM,51
3/28/2019,4:24:10,PM,51
3/28/2019,4:24:11,PM,51
3/28/2019,4:24:12,PM,51
3/28/2019,4:24:13,PM,51
3/28/2019,4:24:14,PM,51
3/28/2019,4:24:15,PM,50
3/28/2019,4:24:16,PM,51
3/28/2019,4:24:17,PM,51
3/28/2019,4:24:18,PM,51
3/28/2019,4:24:19,PM,51
3/28/2019,4:24:20,PM,51
3/28/2019,4:24:21,PM,51
3/28/2019,4:24:22,PM,51
3/28/2019,4:24:23,PM,51
3/28/2019,4:24:24,PM,51
3/28/2019,4:24:25,PM,51
3/28/2019,4:24:26,PM,51
3/28/2019,4:24:27,PM,51
3/28/2019,4:24:29,PM,52
3/28/2019,4:24:30,PM,52
3/28/2019,4:24:32,PM,52
3/28/2019,4:24:33,PM,52
3/28/2019,4:24:34,PM,52
3/28/2019,4:24:35,PM,52
3/28/2019,4:24:36,PM,52
3/28/2019,4:24:37,PM,51
3/28/2019,4:24:38,PM,51
3/28/2019,4:24:39,PM,51
3/28/2019,4:24:40,PM,51
3/28/2019,4:24:41,PM,51
3/28/2019,4:24:42,PM,51
3/28/2019,4:24:43,PM,51
3/28/2019,4:24:44,PM,51
3/28/2019,4:24:45,PM,50
3/28/2019,4:24:46,PM,51
3/28/2019,4:24:47,PM,51
3/28/2019,4:24:48,PM,50
3/28/2019,4:24:49,PM,50
3/28/2019,4:24:50,PM,50
3/28/2019,4:24:51,PM,50
3/28/2019,4:24:52,PM,49
3/28/2019,4:24:53,PM,49
3/28/2019,4:24:54,PM,49
3/28/2019,4:24:55,PM,49
3/28/2019,4:24:56,PM,49
3/28/2019,4:24:57,PM,49
3/28/2019,4:24:58,PM,49
3/28/2019,4:24:59,PM,49
3/28/2019,4:25:00,PM,48
3/28/2019,4:25:01,PM,48
3/28/2019,4:25:02,PM,48
3/28/2019,4:25:03,PM,48
3/28/2019,4:25:04,PM,48
3/28/2019,4:25:05,PM,48
3/28/2019,4:25:06,PM,48
3/28/2019,4:25:07,PM,49
3/28/2019,4:25:08,PM,48
3/28/2019,4:25:09,PM,48
3/28/2019,4:25:10,PM,48
3/28/2019,4:25:11,PM,48
3/28/2019,4:25:12,PM,47
3/28/2019,4:25:13,PM,47
3/28/2019,4:25:14,PM,47
3/28/2019,4:25:15,PM,47
3/28/2019,4:25:16,PM,47
3/28/2019,4:25:17,PM,47
3/28/2019,4:25:18,PM,47
3/28/2019,4:25:19,PM,47
3/28/2019,4:25:20,PM,47
3/28/2019,4:25:21,PM,46
3/28/2019,4:25:22,PM,46
3/28/2019,4:25:23,PM,46
3/28/2019,4:25:24,PM,46
3/28/2019,4:25:25,PM,46
3/28/2019,4:25:26,PM,46
3/28/2019,4:25:27,PM,46
3/28/2019,4:25:28,PM,46
3/28/2019,4:25:29,PM,46
3/28/2019,4:25:30,PM,46
3/28/2019,4:25:31,PM,45
3/28/2019,4:25:32,PM,45
3/28/2019,4:25:33,PM,45
3/28/2019,4:25:35,PM,45
3/28/2019,4:25:36,PM,44
3/28/2019,4:25:37,PM,44
3/28/2019,4:25:38,PM,44
3/28/2019,4:25:39,PM,44
3/28/2019,4:25:40,PM,44
3/28/2019,4:25:41,PM,43
3/28/2019,4:25:42,PM,44
3/28/2019,4:25:43,PM,44
3/28/2019,4:25:44,PM,44
3/28/2019,4:25:45,PM,44
3/28/2019,4:25:46,PM,44
3/28/2019,4:25:47,PM,44
3/28/2019,4:25:48,PM,44
3/28/2019,4:25:49,PM,44
3/28/2019,4:25:50,PM,44
3/28/2019,4:25:51,PM,44
3/28/2019,4:25:52,PM,44
3/28/2019,4:25:53,PM,44
3/28/2019,4:25:54,PM,44
3/28/2019,4:25:55,PM,43
3/28/2019,4:25:56,PM,43
3/28/2019,4:25:57,PM,43
3/28/2019,4:25:58,PM,43
3/28/2019,4:25:59,PM,43
3/28/2019,4:26:00,PM,43
3/28/2019,4:26:01,PM,43
3/28/2019,4:26:02,PM,44
3/28/2019,4:26:03,PM,44
3/28/2019,4:26:04,PM,44
3/28/2019,4:26:05,PM,43
3/28/2019,4:26:06,PM,43
3/28/2019,4:26:07,PM,42
3/28/2019,4:26:08,PM,42
3/28/2019,4:26:09,PM,41
3/28/2019,4:26:10,PM,41
3/28/2019,4:26:11,PM,40
3/28/2019,4:26:12,PM,40
3/28/2019,4:26:13,PM,39
3/28/2019,4:26:14,PM,39
3/28/2019,4:26:15,PM,39
3/28/2019,4:26:16,PM,39
3/28/2019,4:26:17,PM,39
3/28/2019,4:26:18,PM,39
3/28/2019,4:26:19,PM,39
3/28/2019,4:26:20,PM,39
3/28/2019,4:26:21,PM,39
3/28/2019,4:26:22,PM,39
3/28/2019,4:26:23,PM,39
3/28/2019,4:26:24,PM,39
3/28/2019,4:26:25,PM,39
3/28/2019,4:26:26,PM,39
3/28/2019,4:26:27,PM,40
3/28/2019,4:26:28,PM,41
3/28/2019,4:26:29,PM,42
3/28/2019,4:26:30,PM,42
3/28/2019,4:26:31,PM,42
3/28/2019,4:26:32,PM,42
3/28/2019,4:26:33,PM,42
3/28/2019,4:26:34,PM,42
3/28/2019,4:26:35,PM,42
3/28/2019,4:26:36,PM,42
3/28/2019,4:26:37,PM,42
3/28/2019,4:26:39,PM,43
3/28/2019,4:26:40,PM,43
3/28/2019,4:26:41,PM,43
3/28/2019,4:26:42,PM,43
3/28/2019,4:26:43,PM,43
3/28/2019,4:26:44,PM,43
3/28/2019,4:26:45,PM,43
3/28/2019,4:26:46,PM,43
3/28/2019,4:26:47,PM,43
3/28/2019,4:26:48,PM,44
3/28/2019,4:26:49,PM,44
3/28/2019,4:26:50,PM,44
3/28/2019,4:26:51,PM,44
3/28/2019,4:26:52,PM,44
3/28/2019,4:26:53,PM,44
3/28/2019,4:26:54,PM,44
3/28/2019,4:26:55,PM,44
3/28/2019,4:26:56,PM,44
3/28/2019,4:26:57,PM,44
3/28/2019,4:26:58,PM,44
3/28/2019,4:26:59,PM,44
3/28/2019,4:27:00,PM,44
3/28/2019,4:27:01,PM,44
3/28/2019,4:27:02,PM,44
3/28/2019,4:27:03,PM,44
3/28/2019,4:27:04,PM,44
3/28/2019,4:27:05,PM,44
3/28/2019,4:27:06,PM,43
3/28/2019,4:27:07,PM,44
3/28/2019,4:27:08,PM,44
3/28/2019,4:27:09,PM,44
3/28/2019,4:27:10,PM,44
3/28/2019,4:27:11,PM,44
3/28/2019,4:27:12,PM,43
3/28/2019,4:27:13,PM,43
3/28/2019,4:27:14,PM,43
3/28/2019,4:27:15,PM,43
3/28/2019,4:27:16,PM,43
3/28/2019,4:27:17,PM,43
3/28/2019,4:27:18,PM,43
3/28/2019,4:27:19,PM,43
3/28/2019,4:27:20,PM,43
3/28/2019,4:27:21,PM,43
3/28/2019,4:27:22,PM,43
3/28/2019,4:27:23,PM,43
3/28/2019,4:27:24,PM,43
3/28/2019,4:27:25,PM,43
3/28/2019,4:27:26,PM,43
3/28/2019,4:27:27,PM,43
3/28/2019,4:27:28,PM,43
3/28/2019,4:27:29,PM,43
3/28/2019,4:27:30,PM,43
3/28/2019,4:27:31,PM,43
3/28/2019,4:27:32,PM,43
3/28/2019,4:27:33,PM,43
3/28/2019,4:27:34,PM,43
3/28/2019,4:27:35,PM,43
3/28/2019,4:27:36,PM,43
3/28/2019,4:27:37,PM,43
3/28/2019,4:27:38,PM,43
3/28/2019,4:27:39,PM,43
3/28/2019,4:27:40,PM,43
3/28/2019,4:27:42,PM,45
3/28/2019,4:27:43,PM,45
3/28/2019,4:27:44,PM,45
3/28/2019,4:27:45,PM,45
3/28/2019,4:27:46,PM,45
3/28/2019,4:27:47,PM,45
3/28/2019,4:27:48,PM,45
3/28/2019,4:27:49,PM,45
3/28/2019,4:27:50,PM,45
3/28/2019,4:27:51,PM,45
3/28/2019,4:27:52,PM,45
3/28/2019,4:27:53,PM,45
3/28/2019,4:27:54,PM,45
3/28/2019,4:27:55,PM,46
3/28/2019,4:27:56,PM,46
3/28/2019,4:27:57,PM,46
3/28/2019,4:27:58,PM,46
3/28/2019,4:27:59,PM,46
3/28/2019,4:28:00,PM,46
3/28/2019,4:28:01,PM,46
3/28/2019,4:28:02,PM,46
3/28/2019,4:28:03,PM,46
3/28/2019,4:28:04,PM,46
3/28/2019,4:28:05,PM,45
3/28/2019,4:28:06,PM,44
3/28/2019,4:28:07,PM,44
3/28/2019,4:28:08,PM,44
3/28/2019,4:28:09,PM,44
3/28/2019,4:28:10,PM,44
3/28/2019,4:28:11,PM,44
3/28/2019,4:28:12,PM,44
3/28/2019,4:28:13,PM,44
3/28/2019,4:28:14,PM,44
3/28/2019,4:28:15,PM,44
3/28/2019,4:28:16,PM,43
3/28/2019,4:28:17,PM,43
3/28/2019,4:28:18,PM,42
3/28/2019,4:28:19,PM,42
3/28/2019,4:28:20,PM,42
3/28/2019,4:28:21,PM,42
3/28/2019,4:28:22,PM,43
3/28/2019,4:28:23,PM,43
3/28/2019,4:28:24,PM,43
3/28/2019,4:28:25,PM,43
3/28/2019,4:28:26,PM,43
3/28/2019,4:28:27,PM,43
3/28/2019,4:28:28,PM,43
3/28/2019,4:28:29,PM,43
3/28/2019,4:28:30,PM,43
3/28/2019,4:28:31,PM,43
3/28/2019,4:28:32,PM,43
3/28/2019,4:28:33,PM,43
3/28/2019,4:28:34,PM,44
3/28/2019,4:28:35,PM,43
3/28/2019,4:28:36,PM,43
3/28/2019,4:28:37,PM,44
3/28/2019,4:28:38,PM,44
3/28/2019,4:28:39,PM,44
3/28/2019,4:28:40,PM,44
3/28/2019,4:28:42,PM,45
3/28/2019,4:28:43,PM,46
3/28/2019,4:28:44,PM,46
3/28/2019,4:28:45,PM,47
3/28/2019,4:28:46,PM,49
3/28/2019,4:28:47,PM,49
3/28/2019,4:28:48,PM,49
3/28/2019,4:28:49,PM,49
3/28/2019,4:28:50,PM,49
3/28/2019,4:28:51,PM,49
3/28/2019,4:28:52,PM,49
3/28/2019,4:28:53,PM,49
3/28/2019,4:28:54,PM,48
3/28/2019,4:28:55,PM,48
3/28/2019,4:28:56,PM,48
3/28/2019,4:28:57,PM,48
3/28/2019,4:28:58,PM,48
3/28/2019,4:28:59,PM,48
3/28/2019,4:29:00,PM,48
3/28/2019,4:29:01,PM,48
3/28/2019,4:29:02,PM,48
3/28/2019,4:29:03,PM,49
3/28/2019,4:29:04,PM,49
3/28/2019,4:29:05,PM,49
3/28/2019,4:29:06,PM,49
3/28/2019,4:29:07,PM,49
3/28/2019,4:29:08,PM,49
3/28/2019,4:29:09,PM,49
3/28/2019,4:29:10,PM,48
3/28/2019,4:29:11,PM,48
3/28/2019,4:29:12,PM,48
3/28/2019,4:29:13,PM,49
3/28/2019,4:29:14,PM,49
3/28/2019,4:29:15,PM,49
3/28/2019,4:29:16,PM,48
3/28/2019,4:29:17,PM,49
3/28/2019,4:29:18,PM,49
3/28/2019,4:29:19,PM,49
3/28/2019,4:29:20,PM,49
3/28/2019,4:29:21,PM,49
3/28/2019,4:29:22,PM,49
3/28/2019,4:29:23,PM,49
3/28/2019,4:29:24,PM,49
3/28/2019,4:29:25,PM,49
3/28/2019,4:29:26,PM,49
3/28/2019,4:29:27,PM,49
3/28/2019,4:29:28,PM,49
3/28/2019,4:29:29,PM,49
3/28/2019,4:29:30,PM,49
3/28/2019,4:29:31,PM,49
3/28/2019,4:29:32,PM,49
3/28/2019,4:29:33,PM,49
3/28/2019,4:29:34,PM,49
3/28/2019,4:29:35,PM,49
3/28/2019,4:29:36,PM,49
3/28/2019,4:29:37,PM,49
3/28/2019,4:29:38,PM,49
3/28/2019,4:29:39,PM,49
3/28/2019,4:29:40,PM,49
3/28/2019,4:29:41,PM,50
3/28/2019,4:29:42,PM,50
3/28/2019,4:29:44,PM,50
3/28/2019,4:29:45,PM,50
3/28/2019,4:29:46,PM,50
3/28/2019,4:29:47,PM,50
3/28/2019,4:29:48,PM,50
3/28/2019,4:29:49,PM,50
3/28/2019,4:29:50,PM,50
3/28/2019,4:29:51,PM,50
3/28/2019,4:29:52,PM,50
3/28/2019,4:29:53,PM,50
3/28/2019,4:29:54,PM,50
3/28/2019,4:29:55,PM,51
3/28/2019,4:29:56,PM,51
3/28/2019,4:29:57,PM,51
3/28/2019,4:29:58,PM,51
3/28/2019,4:29:59,PM,51
3/28/2019,4:30:00,PM,51
3/28/2019,4:30:01,PM,51
3/28/2019,4:30:02,PM,51
3/28/2019,4:30:03,PM,51
3/28/2019,4:30:04,PM,51
3/28/2019,4:30:05,PM,51
3/28/2019,4:30:06,PM,51
3/28/2019,4:30:07,PM,52
3/28/2019,4:30:08,PM,52
3/28/2019,4:30:09,PM,52
3/28/2019,4:30:10,PM,52
3/28/2019,4:30:11,PM,51
3/28/2019,4:30:12,PM,51
3/28/2019,4:30:13,PM,51
3/28/2019,4:30:14,PM,51
3/28/2019,4:30:15,PM,51
3/28/2019,4:30:16,PM,51
3/28/2019,4:30:17,PM,51
3/28/2019,4:30:18,PM,52
3/28/2019,4:30:19,PM,52
3/28/2019,4:30:20,PM,53
3/28/2019,4:30:21,PM,53
3/28/2019,4:30:22,PM,53
3/28/2019,4:30:23,PM,53
3/28/2019,4:30:24,PM,53
3/28/2019,4:30:25,PM,52
3/28/2019,4:30:26,PM,52
3/28/2019,4:30:27,PM,52
3/28/2019,4:30:28,PM,53
3/28/2019,4:30:29,PM,53
3/28/2019,4:30:30,PM,53
3/28/2019,4:30:31,PM,53
3/28/2019,4:30:32,PM,53
3/28/2019,4:30:33,PM,54
3/28/2019,4:30:34,PM,54
3/28/2019,4:30:35,PM,54
3/28/2019,4:30:36,PM,53
3/28/2019,4:30:37,PM,53
3/28/2019,4:30:38,PM,53
3/28/2019,4:30:39,PM,53
3/28/2019,4:30:40,PM,53
3/28/2019,4:30:41,PM,53
3/28/2019,4:30:42,PM,53
3/28/2019,4:30:44,PM,53
3/28/2019,4:30:45,PM,53
3/28/2019,4:30:46,PM,53
3/28/2019,4:30:47,PM,53
3/28/2019,4:30:48,PM,53
3/28/2019,4:30:49,PM,54
3/28/2019,4:30:50,PM,54
3/28/2019,4:30:51,PM,54
3/28/2019,4:30:52,PM,54
3/28/2019,4:30:53,PM,55
3/28/2019,4:30:54,PM,55
3/28/2019,4:30:55,PM,55
3/28/2019,4:30:56,PM,55
3/28/2019,4:30:57,PM,55
3/28/2019,4:30:58,PM,55
3/28/2019,4:30:59,PM,55
3/28/2019,4:31:00,PM,55
3/28/2019,4:31:01,PM,55
3/28/2019,4:31:02,PM,55
3/28/2019,4:31:03,PM,56
3/28/2019,4:31:04,PM,55
3/28/2019,4:31:05,PM,55
3/28/2019,4:31:06,PM,55
3/28/2019,4:31:07,PM,55
3/28/2019,4:31:08,PM,55
3/28/2019,4:31:09,PM,55
3/28/2019,4:31:10,PM,56
3/28/2019,4:31:11,PM,56
3/28/2019,4:31:12,PM,56
3/28/2019,4:31:13,PM,56
3/28/2019,4:31:14,PM,56
3/28/2019,4:31:15,PM,56
3/28/2019,4:31:16,PM,56
3/28/2019,4:31:17,PM,56
3/28/2019,4:31:18,PM,56
3/28/2019,4:31:19,PM,56
3/28/2019,4:31:20,PM,56
3/28/2019,4:31:21,PM,56
3/28/2019,4:31:22,PM,56
3/28/2019,4:31:23,PM,56
3/28/2019,4:31:24,PM,56
3/28/2019,4:31:25,PM,56
3/28/2019,4:31:26,PM,56
3/28/2019,4:31:27,PM,56
3/28/2019,4:31:28,PM,55
3/28/2019,4:31:29,PM,54
3/28/2019,4:31:30,PM,54
3/28/2019,4:31:31,PM,54
3/28/2019,4:31:32,PM,54
3/28/2019,4:31:33,PM,54
3/28/2019,4:31:34,PM,54
3/28/2019,4:31:35,PM,54
3/28/2019,4:31:36,PM,54
3/28/2019,4:31:37,PM,54
3/28/2019,4:31:38,PM,54
3/28/2019,4:31:39,PM,53
3/28/2019,4:31:41,PM,53
3/28/2019,4:31:42,PM,53
3/28/2019,4:31:43,PM,53
3/28/2019,4:31:44,PM,53
3/28/2019,4:31:45,PM,53
3/28/2019,4:31:46,PM,53
3/28/2019,4:31:47,PM,53
3/28/2019,4:31:48,PM,53
3/28/2019,4:31:49,PM,52
3/28/2019,4:31:50,PM,52
3/28/2019,4:31:51,PM,52
3/28/2019,4:31:52,PM,52
3/28/2019,4:31:53,PM,52
3/28/2019,4:31:54,PM,52
3/28/2019,4:31:55,PM,53
3/28/2019,4:31:56,PM,53
3/28/2019,4:31:57,PM,53
3/28/2019,4:31:58,PM,53
3/28/2019,4:31:59,PM,53
3/28/2019,4:32:00,PM,53
3/28/2019,4:32:01,PM,53
3/28/2019,4:32:02,PM,53
3/28/2019,4:32:03,PM,53
3/28/2019,4:32:04,PM,53
3/28/2019,4:32:05,PM,53
3/28/2019,4:32:06,PM,53
3/28/2019,4:32:07,PM,53
3/28/2019,4:32:08,PM,53
3/28/2019,4:32:09,PM,53
3/28/2019,4:32:10,PM,53
3/28/2019,4:32:11,PM,53
3/28/2019,4:32:12,PM,53
3/28/2019,4:32:13,PM,53
3/28/2019,4:32:14,PM,53
3/28/2019,4:32:15,PM,54
3/28/2019,4:32:16,PM,54
3/28/2019,4:32:17,PM,54
3/28/2019,4:32:18,PM,54
3/28/2019,4:32:19,PM,55
3/28/2019,4:32:20,PM,55
3/28/2019,4:32:21,PM,55
3/28/2019,4:32:22,PM,55
3/28/2019,4:32:23,PM,55
3/28/2019,4:32:24,PM,55
3/28/2019,4:32:25,PM,55
3/28/2019,4:32:26,PM,55
3/28/2019,4:32:27,PM,55
3/28/2019,4:32:28,PM,55
3/28/2019,4:32:29,PM,55
3/28/2019,4:32:30,PM,54
3/28/2019,4:32:31,PM,53
3/28/2019,4:32:32,PM,53
3/28/2019,4:32:33,PM,53
3/28/2019,4:32:34,PM,53
3/28/2019,4:32:35,PM,54
3/28/2019,4:32:36,PM,54
3/28/2019,4:32:37,PM,53
3/28/2019,4:32:38,PM,53
3/28/2019,4:32:39,PM,53
3/28/2019,4:32:41,PM,54
3/28/2019,4:32:42,PM,54
3/28/2019,4:32:43,PM,54
3/28/2019,4:32:44,PM,54
3/28/2019,4:32:45,PM,53
3/28/2019,4:32:46,PM,54
3/28/2019,4:32:47,PM,54
3/28/2019,4:32:48,PM,53
3/28/2019,4:32:49,PM,53
3/28/2019,4:32:50,PM,53
3/28/2019,4:32:51,PM,53
3/28/2019,4:32:52,PM,53
3/28/2019,4:32:53,PM,53
3/28/2019,4:32:54,PM,54
3/28/2019,4:32:55,PM,54
3/28/2019,4:32:56,PM,54
3/28/2019,4:32:57,PM,54
3/28/2019,4:32:58,PM,54
3/28/2019,4:32:59,PM,54
3/28/2019,4:33:00,PM,54
3/28/2019,4:33:01,PM,54
3/28/2019,4:33:02,PM,55
3/28/2019,4:33:03,PM,55
3/28/2019,4:33:04,PM,55
3/28/2019,4:33:05,PM,55
3/28/2019,4:33:06,PM,55
3/28/2019,4:33:07,PM,55
3/28/2019,4:33:08,PM,55
3/28/2019,4:33:09,PM,55
3/28/2019,4:33:10,PM,55
3/28/2019,4:33:11,PM,56
3/28/2019,4:33:12,PM,56
3/28/2019,4:33:13,PM,57
3/28/2019,4:33:14,PM,57
3/28/2019,4:33:15,PM,57
3/28/2019,4:33:16,PM,57
3/28/2019,4:33:17,PM,58
3/28/2019,4:33:18,PM,58
3/28/2019,4:33:19,PM,58
3/28/2019,4:33:20,PM,58
3/28/2019,4:33:21,PM,58
3/28/2019,4:33:22,PM,58
3/28/2019,4:33:23,PM,58
3/28/2019,4:33:24,PM,59
3/28/2019,4:33:25,PM,59
3/28/2019,4:33:26,PM,59
3/28/2019,4:33:27,PM,59
3/28/2019,4:33:28,PM,59
3/28/2019,4:33:29,PM,59
3/28/2019,4:33:30,PM,59
3/28/2019,4:33:31,PM,59
3/28/2019,4:33:32,PM,59
3/28/2019,4:33:33,PM,59
3/28/2019,4:33:34,PM,59
3/28/2019,4:33:35,PM,60
3/28/2019,4:33:36,PM,61
3/28/2019,4:33:37,PM,62
3/28/2019,4:33:38,PM,63
3/28/2019,4:33:39,PM,64
3/28/2019,4:33:40,PM,64
3/28/2019,4:33:41,PM,64
3/28/2019,4:33:42,PM,64
3/28/2019,4:33:44,PM,64
3/28/2019,4:33:45,PM,64
3/28/2019,4:33:46,PM,64
3/28/2019,4:33:47,PM,64
3/28/2019,4:33:48,PM,64
3/28/2019,4:33:49,PM,64
3/28/2019,4:33:50,PM,64
3/28/2019,4:33:51,PM,64
3/28/2019,4:33:52,PM,64
3/28/2019,4:33:53,PM,65
3/28/2019,4:33:54,PM,65
3/28/2019,4:33:55,PM,65
3/28/2019,4:33:56,PM,65
3/28/2019,4:33:57,PM,65
3/28/2019,4:33:58,PM,65
3/28/2019,4:33:59,PM,66
3/28/2019,4:34:00,PM,66
3/28/2019,4:34:01,PM,66
3/28/2019,4:34:02,PM,66
3/28/2019,4:34:03,PM,67
3/28/2019,4:34:04,PM,67
3/28/2019,4:34:05,PM,67
3/28/2019,4:34:06,PM,67
3/28/2019,4:34:07,PM,68
3/28/2019,4:34:08,PM,68
3/28/2019,4:34:09,PM,68
3/28/2019,4:34:10,PM,68
3/28/2019,4:34:11,PM,68
3/28/2019,4:34:12,PM,68
3/28/2019,4:34:13,PM,67
3/28/2019,4:34:14,PM,67
3/28/2019,4:34:15,PM,67
3/28/2019,4:34:16,PM,67
3/28/2019,4:34:17,PM,67
3/28/2019,4:34:18,PM,67
3/28/2019,4:34:19,PM,67
3/28/2019,4:34:20,PM,67
3/28/2019,4:34:21,PM,67
3/28/2019,4:34:22,PM,67
3/28/2019,4:34:23,PM,67
3/28/2019,4:34:24,PM,67
3/28/2019,4:34:25,PM,67
3/28/2019,4:34:26,PM,67
3/28/2019,4:34:27,PM,66
3/28/2019,4:34:28,PM,66
3/28/2019,4:34:29,PM,66
3/28/2019,4:34:30,PM,66
3/28/2019,4:34:31,PM,66
3/28/2019,4:34:32,PM,66
3/28/2019,4:34:33,PM,66
3/28/2019,4:34:34,PM,66
3/28/2019,4:34:35,PM,66
3/28/2019,4:34:36,PM,66
3/28/2019,4:34:37,PM,66
3/28/2019,4:34:38,PM,66
3/28/2019,4:34:39,PM,66
3/28/2019,4:34:40,PM,66
3/28/2019,4:34:41,PM,66
3/28/2019,4:34:43,PM,66
3/28/2019,4:34:44,PM,66
3/28/2019,4:34:45,PM,66
3/28/2019,4:34:46,PM,66
3/28/2019,4:34:47,PM,66
3/28/2019,4:34:48,PM,65
3/28/2019,4:34:49,PM,65
3/28/2019,4:34:50,PM,65
3/28/2019,4:34:51,PM,65
3/28/2019,4:34:52,PM,65
3/28/2019,4:34:53,PM,65
3/28/2019,4:34:54,PM,66
3/28/2019,4:34:55,PM,66
3/28/2019,4:34:56,PM,66
3/28/2019,4:34:57,PM,66
3/28/2019,4:34:58,PM,66
3/28/2019,4:34:59,PM,65
3/28/2019,4:35:00,PM,65
3/28/2019,4:35:01,PM,65
3/28/2019,4:35:02,PM,65
3/28/2019,4:35:03,PM,65
3/28/2019,4:35:04,PM,65
3/28/2019,4:35:05,PM,65
3/28/2019,4:35:06,PM,65
3/28/2019,4:35:07,PM,65
3/28/2019,4:35:08,PM,65
3/28/2019,4:35:09,PM,65
3/28/2019,4:35:10,PM,65
3/28/2019,4:35:11,PM,65
3/28/2019,4:35:12,PM,65
3/28/2019,4:35:13,PM,65
3/28/2019,4:35:14,PM,65
3/28/2019,4:35:15,PM,66
3/28/2019,4:35:16,PM,66
3/28/2019,4:35:17,PM,66
3/28/2019,4:35:18,PM,66
3/28/2019,4:35:19,PM,66
3/28/2019,4:35:20,PM,66
3/28/2019,4:35:21,PM,66
3/28/2019,4:35:22,PM,66
3/28/2019,4:35:23,PM,66
3/28/2019,4:35:24,PM,66
3/28/2019,4:35:25,PM,66
3/28/2019,4:35:26,PM,66
3/28/2019,4:35:27,PM,66
3/28/2019,4:35:28,PM,66
3/28/2019,4:35:29,PM,66
3/28/2019,4:35:30,PM,66
3/28/2019,4:35:31,PM,66
3/28/2019,4:35:32,PM,67
3/28/2019,4:35:33,PM,67
3/28/2019,4:35:34,PM,67
3/28/2019,4:35:35,PM,67
3/28/2019,4:35:36,PM,67
3/28/2019,4:35:37,PM,67
3/28/2019,4:35:38,PM,67
3/28/2019,4:35:39,PM,67
3/28/2019,4:35:40,PM,67
3/28/2019,4:35:41,PM,68
3/28/2019,4:35:42,PM,68
3/28/2019,4:35:43,PM,68
3/28/2019,4:35:44,PM,68
3/28/2019,4:35:45,PM,68
3/28/2019,4:35:46,PM,69
3/28/2019,4:35:47,PM,69
3/28/2019,4:35:48,PM,69
3/28/2019,4:35:49,PM,69
3/28/2019,4:35:50,PM,69
3/28/2019,4:35:51,PM,69
3/28/2019,4:35:53,PM,69
3/28/2019,4:35:55,PM,69
3/28/2019,4:35:56,PM,69
3/28/2019,4:35:58,PM,70
3/28/2019,4:36:00,PM,70
3/28/2019,4:36:01,PM,70
3/28/2019,4:36:02,PM,70
3/28/2019,4:36:03,PM,70
3/28/2019,4:36:04,PM,70
3/28/2019,4:36:05,PM,70
3/28/2019,4:36:07,PM,71
3/28/2019,4:36:08,PM,72
3/28/2019,4:36:09,PM,72
3/28/2019,4:36:10,PM,72
3/28/2019,4:36:11,PM,72
3/28/2019,4:36:12,PM,72
3/28/2019,4:36:13,PM,71
3/28/2019,4:36:14,PM,71
3/28/2019,4:36:15,PM,70
3/28/2019,4:36:16,PM,70
3/28/2019,4:36:17,PM,70
3/28/2019,4:36:18,PM,70
3/28/2019,4:36:19,PM,71
3/28/2019,4:36:20,PM,71
3/28/2019,4:36:21,PM,71
3/28/2019,4:36:22,PM,70
3/28/2019,4:36:23,PM,70
3/28/2019,4:36:24,PM,71
3/28/2019,4:36:25,PM,72
3/28/2019,4:36:26,PM,72
3/28/2019,4:36:27,PM,72
3/28/2019,4:36:28,PM,72
3/28/2019,4:36:29,PM,72
3/28/2019,4:36:30,PM,74
3/28/2019,4:36:31,PM,76
3/28/2019,4:36:32,PM,76
3/28/2019,4:36:33,PM,76
3/28/2019,4:36:34,PM,77
3/28/2019,4:36:35,PM,77
3/28/2019,4:36:36,PM,78
3/28/2019,4:36:37,PM,79
3/28/2019,4:36:38,PM,79
3/28/2019,4:36:39,PM,79
3/28/2019,4:36:40,PM,79
3/28/2019,4:36:41,PM,79
3/28/2019,4:36:42,PM,79
3/28/2019,4:36:43,PM,79
3/28/2019,4:36:44,PM,79
3/28/2019,4:36:45,PM,79
3/28/2019,4:36:46,PM,79
3/28/2019,4:36:47,PM,79
3/28/2019,4:36:48,PM,79
3/28/2019,4:36:49,PM,79
3/28/2019,4:36:50,PM,79
3/28/2019,4:36:51,PM,79
3/28/2019,4:36:53,PM,81
3/28/2019,4:36:55,PM,82
3/28/2019,4:36:56,PM,82
3/28/2019,4:36:57,PM,82
3/28/2019,4:36:58,PM,82
3/28/2019,4:36:59,PM,82
3/28/2019,4:37:00,PM,83
3/28/2019,4:37:01,PM,84
3/28/2019,4:37:02,PM,84
3/28/2019,4:37:03,PM,84
3/28/2019,4:37:04,PM,84
3/28/2019,4:37:05,PM,84
3/28/2019,4:37:06,PM,84
3/28/2019,4:37:07,PM,84
3/28/2019,4:37:08,PM,85
3/28/2019,4:37:09,PM,85
3/28/2019,4:37:10,PM,86
3/28/2019,4:37:11,PM,86
3/28/2019,4:37:12,PM,86
3/28/2019,4:37:13,PM,86
3/28/2019,4:37:14,PM,86
3/28/2019,4:37:15,PM,86
3/28/2019,4:37:16,PM,86
3/28/2019,4:37:17,PM,86
3/28/2019,4:37:18,PM,87
3/28/2019,4:37:19,PM,88
3/28/2019,4:37:20,PM,88
3/28/2019,4:37:21,PM,89
3/28/2019,4:37:22,PM,90
3/28/2019,4:37:23,PM,91
3/28/2019,4:37:24,PM,91
3/28/2019,4:37:25,PM,91
3/28/2019,4:37:26,PM,91
3/28/2019,4:37:27,PM,92
3/28/2019,4:37:28,PM,92
3/28/2019,4:37:29,PM,92
3/28/2019,4:37:30,PM,94
3/28/2019,4:37:31,PM,94
3/28/2019,4:37:32,PM,94
3/28/2019,4:37:33,PM,94
3/28/2019,4:37:34,PM,94
3/28/2019,4:37:35,PM,93
3/28/2019,4:37:36,PM,93
3/28/2019,4:37:37,PM,91
3/28/2019,4:37:38,PM,91
3/28/2019,4:37:39,PM,91
3/28/2019,4:37:40,PM,92
3/28/2019,4:37:41,PM,92
3/28/2019,4:37:42,PM,92
3/28/2019,4:37:43,PM,92
3/28/2019,4:37:44,PM,92
3/28/2019,4:37:45,PM,92
3/28/2019,4:37:46,PM,92
3/28/2019,4:37:47,PM,92
3/28/2019,4:37:48,PM,92
3/28/2019,4:37:49,PM,92
3/28/2019,4:37:50,PM,92
3/28/2019,4:37:51,PM,92
3/28/2019,4:37:52,PM,92
3/28/2019,4:37:53,PM,92
3/28/2019,4:37:54,PM,93
3/28/2019,4:37:55,PM,92
3/28/2019,4:37:57,PM,92
3/28/2019,4:37:58,PM,92
3/28/2019,4:37:59,PM,92
3/28/2019,4:38:00,PM,92
3/28/2019,4:38:01,PM,92
3/28/2019,4:38:02,PM,93
3/28/2019,4:38:03,PM,92
3/28/2019,4:38:04,PM,92
3/28/2019,4:38:05,PM,92
3/28/2019,4:38:06,PM,93
3/28/2019,4:38:07,PM,93
3/28/2019,4:38:08,PM,93
3/28/2019,4:38:09,PM,93
3/28/2019,4:38:10,PM,93
3/28/2019,4:38:11,PM,93
3/28/2019,4:38:12,PM,93
3/28/2019,4:38:13,PM,93
3/28/2019,4:38:14,PM,93
3/28/2019,4:38:15,PM,93
3/28/2019,4:38:16,PM,93
3/28/2019,4:38:17,PM,93
3/28/2019,4:38:18,PM,94
3/28/2019,4:38:19,PM,95
3/28/2019,4:38:20,PM,96
3/28/2019,4:38:21,PM,98
3/28/2019,4:38:22,PM,99
3/28/2019,4:38:23,PM,100
3/28/2019,4:38:24,PM,100
3/28/2019,4:38:25,PM,100
3/28/2019,4:38:26,PM,100
3/28/2019,4:38:27,PM,101
3/28/2019,4:38:28,PM,101
3/28/2019,4:38:29,PM,101
3/28/2019,4:38:30,PM,101
3/28/2019,4:38:31,PM,101
3/28/2019,4:38:32,PM,101
3/28/2019,4:38:33,PM,101
3/28/2019,4:38:34,PM,101
3/28/2019,4:38:35,PM,101
3/28/2019,4:38:36,PM,101
3/28/2019,4:38:37,PM,101
3/28/2019,4:38:38,PM,101
3/28/2019,4:38:39,PM,101
3/28/2019,4:38:40,PM,101
3/28/2019,4:38:41,PM,101
3/28/2019,4:38:42,PM,101
3/28/2019,4:38:43,PM,101
3/28/2019,4:38:44,PM,101
3/28/2019,4:38:45,PM,101
3/28/2019,4:38:46,PM,101
3/28/2019,4:38:47,PM,101
3/28/2019,4:38:48,PM,101
3/28/2019,4:38:49,PM,101
3/28/2019,4:38:50,PM,101
3/28/2019,4:38:51,PM,101
3/28/2019,4:38:52,PM,101
3/28/2019,4:38:53,PM,101
3/28/2019,4:38:54,PM,101
3/28/2019,4:38:56,PM,101
3/28/2019,4:38:58,PM,101
3/28/2019,4:38:59,PM,101
3/28/2019,4:39:01,PM,101
3/28/2019,4:39:02,PM,101
3/28/2019,4:39:03,PM,101
3/28/2019,4:39:04,PM,101
3/28/2019,4:39:05,PM,101
3/28/2019,4:39:06,PM,101
3/28/2019,4:39:07,PM,101
3/28/2019,4:39:08,PM,101
3/28/2019,4:39:09,PM,101
3/28/2019,4:39:10,PM,101
3/28/2019,4:39:11,PM,101
3/28/2019,4:39:12,PM,101
3/28/2019,4:39:13,PM,101
3/28/2019,4:39:14,PM,101
3/28/2019,4:39:15,PM,101
3/28/2019,4:39:16,PM,101
3/28/2019,4:39:17,PM,101
3/28/2019,4:39:18,PM,101
3/28/2019,4:39:19,PM,101
3/28/2019,4:39:20,PM,101
3/28/2019,4:39:21,PM,101
3/28/2019,4:39:22,PM,101
3/28/2019,4:39:23,PM,101
