Time,,,HRV
3/26/2019,11:00:42,AM,41
3/26/2019,11:00:43,AM,42
3/26/2019,11:00:44,AM,42
3/26/2019,11:00:45,AM,42
3/26/2019,11:00:46,AM,42
3/26/2019,11:00:47,AM,42
3/26/2019,11:00:48,AM,42
3/26/2019,11:00:49,AM,42
3/26/2019,11:00:50,AM,42
3/26/2019,11:00:51,AM,42
3/26/2019,11:00:52,AM,42
3/26/2019,11:00:54,AM,42
3/26/2019,11:00:55,AM,42
3/26/2019,11:00:56,AM,42
3/26/2019,11:00:57,AM,42
3/26/2019,11:00:58,AM,42
3/26/2019,11:00:59,AM,42
3/26/2019,11:01:00,AM,42
3/26/2019,11:01:01,AM,42
3/26/2019,11:01:02,AM,42
3/26/2019,11:01:03,AM,42
3/26/2019,11:01:04,AM,42
3/26/2019,11:01:05,AM,42
3/26/2019,11:01:06,AM,42
3/26/2019,11:01:07,AM,42
3/26/2019,11:01:08,AM,42
3/26/2019,11:01:09,AM,42
3/26/2019,11:01:10,AM,42
3/26/2019,11:01:11,AM,42
3/26/2019,11:01:12,AM,42
3/26/2019,11:01:13,AM,42
3/26/2019,11:01:14,AM,42
3/26/2019,11:01:15,AM,42
3/26/2019,11:01:16,AM,42
3/26/2019,11:01:17,AM,42
3/26/2019,11:01:18,AM,42
3/26/2019,11:01:19,AM,42
3/26/2019,11:01:20,AM,42
3/26/2019,11:01:21,AM,42
3/26/2019,11:01:22,AM,42
3/26/2019,11:01:23,AM,42
3/26/2019,11:01:24,AM,42
3/26/2019,11:01:25,AM,42
3/26/2019,11:01:26,AM,42
3/26/2019,11:01:27,AM,42
3/26/2019,11:01:28,AM,42
3/26/2019,11:01:29,AM,42
3/26/2019,11:01:30,AM,42
3/26/2019,11:01:31,AM,42
3/26/2019,11:01:32,AM,42
3/26/2019,11:01:33,AM,42
3/26/2019,11:01:34,AM,42
3/26/2019,11:01:35,AM,42
3/26/2019,11:01:36,AM,42
3/26/2019,11:01:37,AM,41
3/26/2019,11:01:38,AM,41
3/26/2019,11:01:39,AM,41
3/26/2019,11:01:40,AM,41
3/26/2019,11:01:41,AM,41
3/26/2019,11:01:42,AM,41
3/26/2019,11:01:43,AM,41
3/26/2019,11:01:44,AM,41
3/26/2019,11:01:45,AM,41
3/26/2019,11:01:46,AM,42
3/26/2019,11:01:47,AM,42
3/26/2019,11:01:48,AM,42
3/26/2019,11:01:49,AM,42
3/26/2019,11:01:50,AM,42
3/26/2019,11:01:51,AM,42
3/26/2019,11:01:52,AM,43
3/26/2019,11:01:53,AM,43
3/26/2019,11:01:54,AM,43
3/26/2019,11:01:55,AM,43
3/26/2019,11:01:56,AM,43
3/26/2019,11:01:57,AM,43
3/26/2019,11:01:58,AM,42
3/26/2019,11:01:59,AM,42
3/26/2019,11:02:00,AM,42
3/26/2019,11:02:01,AM,41
3/26/2019,11:02:02,AM,41
3/26/2019,11:02:03,AM,40
3/26/2019,11:02:04,AM,40
3/26/2019,11:02:05,AM,40
3/26/2019,11:02:06,AM,40
3/26/2019,11:02:07,AM,40
3/26/2019,11:02:08,AM,40
3/26/2019,11:02:09,AM,40
3/26/2019,11:02:10,AM,40
3/26/2019,11:02:11,AM,40
3/26/2019,11:02:12,AM,40
3/26/2019,11:02:13,AM,40
3/26/2019,11:02:14,AM,40
3/26/2019,11:02:15,AM,40
3/26/2019,11:02:16,AM,40
3/26/2019,11:02:17,AM,40
3/26/2019,11:02:18,AM,40
3/26/2019,11:02:20,AM,40
3/26/2019,11:02:21,AM,40
3/26/2019,11:02:22,AM,40
3/26/2019,11:02:23,AM,41
3/26/2019,11:02:24,AM,41
3/26/2019,11:02:25,AM,42
3/26/2019,11:02:26,AM,42
3/26/2019,11:02:27,AM,42
3/26/2019,11:02:28,AM,42
3/26/2019,11:02:29,AM,42
3/26/2019,11:02:30,AM,42
3/26/2019,11:02:31,AM,42
3/26/2019,11:02:32,AM,42
3/26/2019,11:02:33,AM,42
3/26/2019,11:02:34,AM,42
3/26/2019,11:02:35,AM,42
3/26/2019,11:02:36,AM,42
3/26/2019,11:02:37,AM,42
3/26/2019,11:02:38,AM,42
3/26/2019,11:02:39,AM,42
3/26/2019,11:02:40,AM,42
3/26/2019,11:02:41,AM,42
3/26/2019,11:02:42,AM,42
3/26/2019,11:02:43,AM,42
3/26/2019,11:02:44,AM,42
3/26/2019,11:02:45,AM,42
3/26/2019,11:02:46,AM,42
3/26/2019,11:02:47,AM,42
3/26/2019,11:02:48,AM,42
3/26/2019,11:02:49,AM,42
3/26/2019,11:02:50,AM,42
3/26/2019,11:02:51,AM,43
3/26/2019,11:02:52,AM,44
3/26/2019,11:02:53,AM,44
3/26/2019,11:02:54,AM,44
3/26/2019,11:02:55,AM,44
3/26/2019,11:02:56,AM,44
3/26/2019,11:02:57,AM,44
3/26/2019,11:02:58,AM,45
3/26/2019,11:02:59,AM,45
3/26/2019,11:03:00,AM,45
3/26/2019,11:03:01,AM,45
3/26/2019,11:03:02,AM,45
3/26/2019,11:03:03,AM,44
3/26/2019,11:03:04,AM,44
3/26/2019,11:03:05,AM,44
3/26/2019,11:03:06,AM,44
3/26/2019,11:03:07,AM,44
3/26/2019,11:03:08,AM,44
3/26/2019,11:03:09,AM,44
3/26/2019,11:03:10,AM,43
3/26/2019,11:03:11,AM,43
3/26/2019,11:03:12,AM,43
3/26/2019,11:03:13,AM,43
3/26/2019,11:03:14,AM,43
3/26/2019,11:03:15,AM,43
3/26/2019,11:03:16,AM,43
3/26/2019,11:03:17,AM,43
3/26/2019,11:03:18,AM,43
3/26/2019,11:03:19,AM,43
3/26/2019,11:03:20,AM,43
3/26/2019,11:03:21,AM,43
3/26/2019,11:03:22,AM,43
3/26/2019,11:03:23,AM,43
3/26/2019,11:03:24,AM,43
3/26/2019,11:03:25,AM,42
3/26/2019,11:03:26,AM,42
3/26/2019,11:03:27,AM,42
3/26/2019,11:03:28,AM,43
3/26/2019,11:03:29,AM,43
3/26/2019,11:03:30,AM,43
3/26/2019,11:03:31,AM,43
3/26/2019,11:03:32,AM,43
3/26/2019,11:03:33,AM,42
3/26/2019,11:03:34,AM,42
3/26/2019,11:03:35,AM,42
3/26/2019,11:03:36,AM,42
3/26/2019,11:03:37,AM,42
3/26/2019,11:03:38,AM,42
3/26/2019,11:03:40,AM,42
3/26/2019,11:03:41,AM,41
3/26/2019,11:03:42,AM,41
3/26/2019,11:03:43,AM,41
3/26/2019,11:03:44,AM,41
3/26/2019,11:03:45,AM,41
3/26/2019,11:03:46,AM,40
3/26/2019,11:03:47,AM,40
3/26/2019,11:03:48,AM,40
3/26/2019,11:03:49,AM,40
3/26/2019,11:03:50,AM,40
3/26/2019,11:03:51,AM,40
3/26/2019,11:03:52,AM,40
3/26/2019,11:03:53,AM,40
3/26/2019,11:03:54,AM,40
3/26/2019,11:03:55,AM,40
3/26/2019,11:03:56,AM,40
3/26/2019,11:03:57,AM,40
3/26/2019,11:03:58,AM,40
3/26/2019,11:03:59,AM,40
3/26/2019,11:04:00,AM,39
3/26/2019,11:04:01,AM,39
3/26/2019,11:04:02,AM,39
3/26/2019,11:04:03,AM,39
3/26/2019,11:04:04,AM,39
3/26/2019,11:04:05,AM,39
3/26/2019,11:04:06,AM,39
3/26/2019,11:04:07,AM,39
3/26/2019,11:04:08,AM,39
3/26/2019,11:04:09,AM,39
3/26/2019,11:04:10,AM,39
3/26/2019,11:04:11,AM,39
3/26/2019,11:04:12,AM,39
3/26/2019,11:04:13,AM,39
3/26/2019,11:04:14,AM,39
3/26/2019,11:04:15,AM,40
3/26/2019,11:04:16,AM,40
3/26/2019,11:04:17,AM,41
3/26/2019,11:04:18,AM,41
3/26/2019,11:04:19,AM,41
3/26/2019,11:04:20,AM,41
3/26/2019,11:04:21,AM,41
3/26/2019,11:04:22,AM,41
3/26/2019,11:04:23,AM,41
3/26/2019,11:04:24,AM,41
3/26/2019,11:04:25,AM,41
3/26/2019,11:04:26,AM,41
3/26/2019,11:04:27,AM,41
3/26/2019,11:04:28,AM,41
3/26/2019,11:04:29,AM,41
3/26/2019,11:04:30,AM,41
3/26/2019,11:04:31,AM,41
3/26/2019,11:04:32,AM,41
3/26/2019,11:04:33,AM,41
3/26/2019,11:04:34,AM,41
3/26/2019,11:04:35,AM,41
3/26/2019,11:04:36,AM,41
3/26/2019,11:04:37,AM,41
3/26/2019,11:04:38,AM,41
3/26/2019,11:04:39,AM,41
3/26/2019,11:04:40,AM,41
3/26/2019,11:04:41,AM,41
3/26/2019,11:04:42,AM,41
3/26/2019,11:04:43,AM,41
3/26/2019,11:04:44,AM,41
3/26/2019,11:04:45,AM,41
3/26/2019,11:04:46,AM,41
3/26/2019,11:04:47,AM,40
3/26/2019,11:04:48,AM,40
3/26/2019,11:04:49,AM,40
3/26/2019,11:04:50,AM,40
3/26/2019,11:04:51,AM,40
3/26/2019,11:04:52,AM,40
3/26/2019,11:04:53,AM,40
3/26/2019,11:04:54,AM,40
3/26/2019,11:04:55,AM,41
3/26/2019,11:04:56,AM,41
3/26/2019,11:04:57,AM,41
3/26/2019,11:04:58,AM,41
3/26/2019,11:04:59,AM,41
3/26/2019,11:05:00,AM,41
3/26/2019,11:05:01,AM,41
3/26/2019,11:05:02,AM,41
3/26/2019,11:05:03,AM,41
3/26/2019,11:05:05,AM,41
3/26/2019,11:05:06,AM,41
3/26/2019,11:05:07,AM,41
3/26/2019,11:05:08,AM,41
3/26/2019,11:05:09,AM,41
3/26/2019,11:05:10,AM,41
3/26/2019,11:05:11,AM,41
3/26/2019,11:05:12,AM,40
3/26/2019,11:05:13,AM,40
3/26/2019,11:05:14,AM,39
3/26/2019,11:05:15,AM,38
3/26/2019,11:05:16,AM,38
3/26/2019,11:05:17,AM,38
3/26/2019,11:05:18,AM,37
3/26/2019,11:05:19,AM,37
3/26/2019,11:05:20,AM,37
3/26/2019,11:05:21,AM,37
3/26/2019,11:05:22,AM,37
3/26/2019,11:05:23,AM,37
3/26/2019,11:05:24,AM,37
3/26/2019,11:05:25,AM,37
3/26/2019,11:05:26,AM,37
3/26/2019,11:05:27,AM,37
3/26/2019,11:05:28,AM,38
3/26/2019,11:05:29,AM,38
3/26/2019,11:05:30,AM,38
3/26/2019,11:05:31,AM,38
3/26/2019,11:05:32,AM,38
3/26/2019,11:05:33,AM,38
3/26/2019,11:05:34,AM,38
3/26/2019,11:05:35,AM,38
3/26/2019,11:05:36,AM,38
3/26/2019,11:05:37,AM,38
3/26/2019,11:05:38,AM,38
3/26/2019,11:05:39,AM,38
3/26/2019,11:05:40,AM,38
3/26/2019,11:05:41,AM,38
3/26/2019,11:05:42,AM,38
3/26/2019,11:05:43,AM,38
3/26/2019,11:05:44,AM,38
3/26/2019,11:05:45,AM,38
3/26/2019,11:05:46,AM,38
3/26/2019,11:05:47,AM,38
3/26/2019,11:05:48,AM,38
3/26/2019,11:05:49,AM,38
3/26/2019,11:05:50,AM,38
3/26/2019,11:05:51,AM,37
3/26/2019,11:05:52,AM,37
3/26/2019,11:05:53,AM,37
3/26/2019,11:05:54,AM,37
3/26/2019,11:05:55,AM,37
3/26/2019,11:05:56,AM,37
3/26/2019,11:05:57,AM,37
3/26/2019,11:05:58,AM,37
3/26/2019,11:05:59,AM,37
3/26/2019,11:06:00,AM,37
3/26/2019,11:06:01,AM,37
3/26/2019,11:06:02,AM,37
3/26/2019,11:06:03,AM,37
3/26/2019,11:06:04,AM,36
3/26/2019,11:06:05,AM,36
3/26/2019,11:06:06,AM,36
3/26/2019,11:06:07,AM,36
3/26/2019,11:06:08,AM,36
3/26/2019,11:06:09,AM,36
3/26/2019,11:06:10,AM,36
3/26/2019,11:06:11,AM,36
3/26/2019,11:06:12,AM,36
3/26/2019,11:06:13,AM,36
3/26/2019,11:06:14,AM,36
3/26/2019,11:06:15,AM,36
3/26/2019,11:06:16,AM,36
3/26/2019,11:06:17,AM,35
3/26/2019,11:06:18,AM,34
3/26/2019,11:06:19,AM,34
3/26/2019,11:06:21,AM,34
3/26/2019,11:06:22,AM,34
3/26/2019,11:06:23,AM,34
3/26/2019,11:06:24,AM,34
3/26/2019,11:06:25,AM,35
3/26/2019,11:06:26,AM,35
3/26/2019,11:06:27,AM,35
3/26/2019,11:06:28,AM,35
3/26/2019,11:06:29,AM,35
3/26/2019,11:06:30,AM,35
3/26/2019,11:06:31,AM,35
3/26/2019,11:06:32,AM,35
3/26/2019,11:06:33,AM,35
3/26/2019,11:06:34,AM,35
3/26/2019,11:06:35,AM,35
3/26/2019,11:06:36,AM,35
3/26/2019,11:06:37,AM,35
3/26/2019,11:06:38,AM,35
3/26/2019,11:06:39,AM,35
3/26/2019,11:06:40,AM,36
3/26/2019,11:06:41,AM,36
3/26/2019,11:06:42,AM,36
3/26/2019,11:06:43,AM,36
3/26/2019,11:06:44,AM,35
3/26/2019,11:06:45,AM,35
3/26/2019,11:06:46,AM,35
3/26/2019,11:06:47,AM,35
3/26/2019,11:06:48,AM,35
3/26/2019,11:06:49,AM,35
3/26/2019,11:06:50,AM,35
3/26/2019,11:06:51,AM,35
3/26/2019,11:06:52,AM,35
3/26/2019,11:06:53,AM,35
3/26/2019,11:06:54,AM,34
3/26/2019,11:06:55,AM,34
3/26/2019,11:06:56,AM,34
3/26/2019,11:06:57,AM,34
3/26/2019,11:06:58,AM,34
3/26/2019,11:06:59,AM,34
3/26/2019,11:07:00,AM,34
3/26/2019,11:07:01,AM,34
3/26/2019,11:07:02,AM,34
3/26/2019,11:07:03,AM,35
3/26/2019,11:07:04,AM,35
3/26/2019,11:07:05,AM,35
3/26/2019,11:07:06,AM,36
3/26/2019,11:07:07,AM,36
3/26/2019,11:07:08,AM,36
3/26/2019,11:07:09,AM,36
3/26/2019,11:07:10,AM,36
3/26/2019,11:07:11,AM,36
3/26/2019,11:07:12,AM,36
3/26/2019,11:07:13,AM,36
3/26/2019,11:07:14,AM,36
3/26/2019,11:07:15,AM,36
3/26/2019,11:07:16,AM,36
3/26/2019,11:07:17,AM,36
3/26/2019,11:07:18,AM,36
3/26/2019,11:07:19,AM,36
3/26/2019,11:07:20,AM,36
3/26/2019,11:07:21,AM,36
3/26/2019,11:07:22,AM,36
3/26/2019,11:07:23,AM,36
3/26/2019,11:07:24,AM,36
3/26/2019,11:07:25,AM,36
3/26/2019,11:07:26,AM,36
3/26/2019,11:07:27,AM,36
3/26/2019,11:07:28,AM,36
3/26/2019,11:07:29,AM,36
3/26/2019,11:07:30,AM,36
3/26/2019,11:07:31,AM,36
3/26/2019,11:07:32,AM,35
3/26/2019,11:07:33,AM,35
3/26/2019,11:07:34,AM,35
3/26/2019,11:07:35,AM,35
3/26/2019,11:07:36,AM,35
3/26/2019,11:07:37,AM,34
3/26/2019,11:07:38,AM,34
3/26/2019,11:07:39,AM,34
3/26/2019,11:07:40,AM,34
3/26/2019,11:07:41,AM,34
3/26/2019,11:07:42,AM,34
3/26/2019,11:07:43,AM,34
3/26/2019,11:07:44,AM,34
3/26/2019,11:07:45,AM,34
3/26/2019,11:07:46,AM,34
3/26/2019,11:07:47,AM,34
3/26/2019,11:07:49,AM,34
3/26/2019,11:07:50,AM,34
3/26/2019,11:07:51,AM,34
3/26/2019,11:07:52,AM,34
3/26/2019,11:07:53,AM,34
3/26/2019,11:07:54,AM,34
3/26/2019,11:07:55,AM,34
3/26/2019,11:07:56,AM,34
3/26/2019,11:07:57,AM,35
3/26/2019,11:07:58,AM,35
3/26/2019,11:07:59,AM,35
3/26/2019,11:08:00,AM,35
3/26/2019,11:08:01,AM,35
3/26/2019,11:08:02,AM,35
3/26/2019,11:08:03,AM,36
3/26/2019,11:08:04,AM,36
3/26/2019,11:08:05,AM,36
3/26/2019,11:08:06,AM,37
3/26/2019,11:08:07,AM,37
3/26/2019,11:08:08,AM,37
3/26/2019,11:08:09,AM,37
3/26/2019,11:08:10,AM,37
3/26/2019,11:08:11,AM,38
3/26/2019,11:08:12,AM,38
3/26/2019,11:08:13,AM,38
3/26/2019,11:08:14,AM,38
3/26/2019,11:08:15,AM,38
3/26/2019,11:08:16,AM,38
3/26/2019,11:08:17,AM,39
3/26/2019,11:08:18,AM,39
3/26/2019,11:08:19,AM,39
3/26/2019,11:08:20,AM,40
3/26/2019,11:08:21,AM,40
3/26/2019,11:08:22,AM,40
3/26/2019,11:08:23,AM,40
3/26/2019,11:08:24,AM,40
3/26/2019,11:08:25,AM,41
3/26/2019,11:08:26,AM,41
3/26/2019,11:08:27,AM,41
3/26/2019,11:08:28,AM,41
3/26/2019,11:08:29,AM,42
3/26/2019,11:08:30,AM,42
3/26/2019,11:08:31,AM,42
3/26/2019,11:08:32,AM,42
3/26/2019,11:08:33,AM,41
3/26/2019,11:08:34,AM,41
3/26/2019,11:08:35,AM,41
3/26/2019,11:08:36,AM,40
3/26/2019,11:08:37,AM,40
3/26/2019,11:08:38,AM,40
3/26/2019,11:08:39,AM,40
3/26/2019,11:08:40,AM,40
3/26/2019,11:08:41,AM,40
3/26/2019,11:08:42,AM,40
3/26/2019,11:08:43,AM,38
3/26/2019,11:08:44,AM,38
3/26/2019,11:08:45,AM,38
3/26/2019,11:08:46,AM,38
3/26/2019,11:08:47,AM,38
3/26/2019,11:08:48,AM,38
3/26/2019,11:08:49,AM,38
3/26/2019,11:08:50,AM,38
3/26/2019,11:08:51,AM,38
3/26/2019,11:08:52,AM,38
3/26/2019,11:08:53,AM,38
3/26/2019,11:08:54,AM,37
3/26/2019,11:08:55,AM,37
3/26/2019,11:08:56,AM,37
3/26/2019,11:08:57,AM,37
3/26/2019,11:08:58,AM,37
3/26/2019,11:08:59,AM,38
3/26/2019,11:09:00,AM,38
3/26/2019,11:09:01,AM,37
3/26/2019,11:09:02,AM,37
3/26/2019,11:09:03,AM,37
3/26/2019,11:09:05,AM,37
3/26/2019,11:09:06,AM,37
3/26/2019,11:09:07,AM,37
3/26/2019,11:09:08,AM,37
3/26/2019,11:09:09,AM,37
3/26/2019,11:09:10,AM,37
3/26/2019,11:09:11,AM,37
3/26/2019,11:09:12,AM,37
3/26/2019,11:09:13,AM,37
3/26/2019,11:09:14,AM,37
3/26/2019,11:09:15,AM,37
3/26/2019,11:09:16,AM,37
3/26/2019,11:09:17,AM,37
3/26/2019,11:09:18,AM,37
3/26/2019,11:09:19,AM,37
3/26/2019,11:09:20,AM,37
3/26/2019,11:09:21,AM,37
3/26/2019,11:09:22,AM,36
3/26/2019,11:09:23,AM,36
3/26/2019,11:09:24,AM,36
3/26/2019,11:09:25,AM,36
3/26/2019,11:09:26,AM,36
3/26/2019,11:09:27,AM,36
3/26/2019,11:09:28,AM,37
3/26/2019,11:09:29,AM,37
3/26/2019,11:09:30,AM,37
3/26/2019,11:09:31,AM,37
3/26/2019,11:09:32,AM,37
3/26/2019,11:09:33,AM,37
3/26/2019,11:09:34,AM,37
3/26/2019,11:09:35,AM,37
3/26/2019,11:09:36,AM,37
3/26/2019,11:09:37,AM,38
3/26/2019,11:09:38,AM,39
3/26/2019,11:09:39,AM,40
3/26/2019,11:09:40,AM,41
3/26/2019,11:09:41,AM,42
3/26/2019,11:09:42,AM,44
3/26/2019,11:09:43,AM,44
3/26/2019,11:09:44,AM,45
3/26/2019,11:09:45,AM,46
3/26/2019,11:09:46,AM,47
3/26/2019,11:09:47,AM,47
3/26/2019,11:09:48,AM,48
3/26/2019,11:09:49,AM,49
3/26/2019,11:09:50,AM,50
3/26/2019,11:09:51,AM,51
3/26/2019,11:09:52,AM,51
3/26/2019,11:09:53,AM,51
3/26/2019,11:09:54,AM,51
3/26/2019,11:09:55,AM,51
3/26/2019,11:09:56,AM,52
3/26/2019,11:09:57,AM,52
3/26/2019,11:09:58,AM,52
3/26/2019,11:09:59,AM,52
3/26/2019,11:10:00,AM,52
3/26/2019,11:10:01,AM,52
3/26/2019,11:10:02,AM,52
3/26/2019,11:10:03,AM,52
3/26/2019,11:10:04,AM,53
3/26/2019,11:10:05,AM,53
3/26/2019,11:10:06,AM,53
3/26/2019,11:10:07,AM,53
3/26/2019,11:10:08,AM,53
3/26/2019,11:10:09,AM,53
3/26/2019,11:10:10,AM,53
3/26/2019,11:10:11,AM,53
3/26/2019,11:10:12,AM,54
3/26/2019,11:10:13,AM,54
3/26/2019,11:10:14,AM,54
3/26/2019,11:10:15,AM,54
3/26/2019,11:10:16,AM,54
3/26/2019,11:10:17,AM,54
3/26/2019,11:10:18,AM,54
3/26/2019,11:10:19,AM,54
3/26/2019,11:10:20,AM,54
3/26/2019,11:10:21,AM,54
3/26/2019,11:10:22,AM,54
3/26/2019,11:10:24,AM,53
3/26/2019,11:10:25,AM,53
3/26/2019,11:10:26,AM,53
3/26/2019,11:10:27,AM,53
3/26/2019,11:10:28,AM,53
3/26/2019,11:10:29,AM,53
3/26/2019,11:10:30,AM,54
3/26/2019,11:10:31,AM,54
3/26/2019,11:10:32,AM,54
3/26/2019,11:10:33,AM,54
3/26/2019,11:10:34,AM,54
3/26/2019,11:10:35,AM,54
3/26/2019,11:10:36,AM,54
3/26/2019,11:10:37,AM,54
3/26/2019,11:10:38,AM,55
3/26/2019,11:10:39,AM,55
3/26/2019,11:10:40,AM,55
3/26/2019,11:10:41,AM,56
3/26/2019,11:10:42,AM,56
3/26/2019,11:10:43,AM,56
3/26/2019,11:10:44,AM,56
3/26/2019,11:10:45,AM,57
3/26/2019,11:10:46,AM,57
3/26/2019,11:10:47,AM,57
3/26/2019,11:10:48,AM,57
3/26/2019,11:10:49,AM,57
3/26/2019,11:10:50,AM,57
3/26/2019,11:10:51,AM,57
3/26/2019,11:10:52,AM,57
3/26/2019,11:10:53,AM,57
3/26/2019,11:10:54,AM,57
3/26/2019,11:10:55,AM,57
3/26/2019,11:10:56,AM,57
3/26/2019,11:10:57,AM,57
3/26/2019,11:10:58,AM,57
3/26/2019,11:10:59,AM,57
3/26/2019,11:11:00,AM,57
3/26/2019,11:11:01,AM,57
3/26/2019,11:11:02,AM,57
3/26/2019,11:11:03,AM,57
3/26/2019,11:11:04,AM,57
3/26/2019,11:11:05,AM,57
3/26/2019,11:11:06,AM,57
3/26/2019,11:11:07,AM,57
3/26/2019,11:11:08,AM,57
3/26/2019,11:11:09,AM,57
3/26/2019,11:11:10,AM,57
3/26/2019,11:11:11,AM,57
3/26/2019,11:11:12,AM,57
3/26/2019,11:11:13,AM,58
3/26/2019,11:11:14,AM,58
3/26/2019,11:11:15,AM,58
3/26/2019,11:11:16,AM,57
3/26/2019,11:11:17,AM,57
3/26/2019,11:11:18,AM,57
3/26/2019,11:11:19,AM,57
3/26/2019,11:11:20,AM,57
3/26/2019,11:11:21,AM,57
3/26/2019,11:11:22,AM,57
3/26/2019,11:11:23,AM,57
3/26/2019,11:11:24,AM,57
3/26/2019,11:11:25,AM,57
3/26/2019,11:11:26,AM,57
3/26/2019,11:11:27,AM,56
3/26/2019,11:11:28,AM,56
3/26/2019,11:11:29,AM,56
3/26/2019,11:11:30,AM,56
3/26/2019,11:11:31,AM,56
3/26/2019,11:11:32,AM,55
3/26/2019,11:11:33,AM,55
3/26/2019,11:11:34,AM,55
3/26/2019,11:11:35,AM,55
3/26/2019,11:11:36,AM,55
3/26/2019,11:11:37,AM,55
3/26/2019,11:11:39,AM,54
3/26/2019,11:11:40,AM,55
3/26/2019,11:11:41,AM,54
3/26/2019,11:11:42,AM,54
3/26/2019,11:11:43,AM,54
3/26/2019,11:11:44,AM,54
3/26/2019,11:11:45,AM,54
3/26/2019,11:11:46,AM,54
3/26/2019,11:11:47,AM,53
3/26/2019,11:11:48,AM,53
3/26/2019,11:11:49,AM,53
3/26/2019,11:11:50,AM,52
3/26/2019,11:11:51,AM,52
3/26/2019,11:11:52,AM,51
3/26/2019,11:11:53,AM,51
3/26/2019,11:11:54,AM,51
3/26/2019,11:11:55,AM,50
3/26/2019,11:11:56,AM,50
3/26/2019,11:11:57,AM,49
3/26/2019,11:11:58,AM,49
3/26/2019,11:11:59,AM,49
3/26/2019,11:12:00,AM,49
3/26/2019,11:12:01,AM,49
3/26/2019,11:12:02,AM,49
3/26/2019,11:12:03,AM,49
3/26/2019,11:12:04,AM,49
3/26/2019,11:12:05,AM,49
3/26/2019,11:12:06,AM,48
3/26/2019,11:12:07,AM,48
3/26/2019,11:12:08,AM,48
3/26/2019,11:12:09,AM,48
3/26/2019,11:12:10,AM,48
3/26/2019,11:12:11,AM,49
3/26/2019,11:12:12,AM,48
3/26/2019,11:12:13,AM,48
3/26/2019,11:12:14,AM,49
3/26/2019,11:12:15,AM,49
3/26/2019,11:12:16,AM,48
3/26/2019,11:12:17,AM,48
3/26/2019,11:12:18,AM,48
3/26/2019,11:12:19,AM,49
3/26/2019,11:12:20,AM,49
3/26/2019,11:12:21,AM,49
3/26/2019,11:12:22,AM,49
3/26/2019,11:12:23,AM,49
3/26/2019,11:12:24,AM,48
3/26/2019,11:12:25,AM,48
3/26/2019,11:12:26,AM,48
3/26/2019,11:12:27,AM,48
3/26/2019,11:12:28,AM,48
3/26/2019,11:12:29,AM,48
3/26/2019,11:12:30,AM,48
3/26/2019,11:12:31,AM,48
3/26/2019,11:12:32,AM,47
3/26/2019,11:12:33,AM,47
3/26/2019,11:12:34,AM,46
3/26/2019,11:12:35,AM,46
3/26/2019,11:12:36,AM,45
3/26/2019,11:12:37,AM,45
3/26/2019,11:12:38,AM,45
3/26/2019,11:12:39,AM,45
3/26/2019,11:12:40,AM,45
3/26/2019,11:12:41,AM,45
3/26/2019,11:12:42,AM,45
3/26/2019,11:12:43,AM,45
3/26/2019,11:12:44,AM,44
3/26/2019,11:12:45,AM,44
3/26/2019,11:12:46,AM,44
3/26/2019,11:12:47,AM,44
3/26/2019,11:12:48,AM,44
3/26/2019,11:12:50,AM,44
3/26/2019,11:12:51,AM,44
3/26/2019,11:12:52,AM,44
3/26/2019,11:12:53,AM,44
3/26/2019,11:12:54,AM,44
3/26/2019,11:12:55,AM,43
3/26/2019,11:12:56,AM,43
3/26/2019,11:12:57,AM,42
3/26/2019,11:12:58,AM,42
3/26/2019,11:12:59,AM,42
3/26/2019,11:13:00,AM,42
3/26/2019,11:13:01,AM,42
3/26/2019,11:13:02,AM,42
3/26/2019,11:13:03,AM,43
3/26/2019,11:13:04,AM,43
3/26/2019,11:13:05,AM,42
3/26/2019,11:13:06,AM,42
3/26/2019,11:13:07,AM,42
3/26/2019,11:13:08,AM,41
3/26/2019,11:13:09,AM,42
3/26/2019,11:13:10,AM,42
3/26/2019,11:13:11,AM,42
3/26/2019,11:13:12,AM,42
3/26/2019,11:13:13,AM,41
3/26/2019,11:13:14,AM,41
3/26/2019,11:13:15,AM,40
3/26/2019,11:13:16,AM,40
3/26/2019,11:13:17,AM,40
3/26/2019,11:13:18,AM,40
3/26/2019,11:13:19,AM,40
3/26/2019,11:13:20,AM,39
3/26/2019,11:13:21,AM,39
3/26/2019,11:13:22,AM,39
3/26/2019,11:13:23,AM,39
3/26/2019,11:13:24,AM,39
3/26/2019,11:13:25,AM,39
3/26/2019,11:13:26,AM,39
3/26/2019,11:13:27,AM,40
3/26/2019,11:13:28,AM,39
3/26/2019,11:13:29,AM,40
3/26/2019,11:13:30,AM,40
3/26/2019,11:13:31,AM,40
3/26/2019,11:13:32,AM,40
3/26/2019,11:13:33,AM,40
3/26/2019,11:13:34,AM,40
3/26/2019,11:13:35,AM,40
3/26/2019,11:13:36,AM,40
3/26/2019,11:13:37,AM,40
3/26/2019,11:13:38,AM,40
3/26/2019,11:13:39,AM,40
3/26/2019,11:13:40,AM,40
3/26/2019,11:13:41,AM,40
3/26/2019,11:13:42,AM,40
3/26/2019,11:13:43,AM,40
3/26/2019,11:13:44,AM,40
3/26/2019,11:13:45,AM,40
3/26/2019,11:13:46,AM,40
3/26/2019,11:13:47,AM,40
3/26/2019,11:13:48,AM,40
3/26/2019,11:13:49,AM,40
3/26/2019,11:13:50,AM,40
3/26/2019,11:13:51,AM,40
3/26/2019,11:13:52,AM,40
3/26/2019,11:13:53,AM,40
3/26/2019,11:13:54,AM,40
3/26/2019,11:13:55,AM,40
3/26/2019,11:13:56,AM,40
3/26/2019,11:13:57,AM,40
3/26/2019,11:13:58,AM,40
3/26/2019,11:13:59,AM,40
3/26/2019,11:14:00,AM,40
3/26/2019,11:14:01,AM,40
3/26/2019,11:14:02,AM,40
3/26/2019,11:14:03,AM,40
3/26/2019,11:14:04,AM,40
3/26/2019,11:14:05,AM,40
3/26/2019,11:14:06,AM,40
3/26/2019,11:14:07,AM,40
3/26/2019,11:14:09,AM,40
3/26/2019,11:14:10,AM,40
3/26/2019,11:14:11,AM,40
3/26/2019,11:14:12,AM,40
3/26/2019,11:14:13,AM,40
3/26/2019,11:14:14,AM,40
3/26/2019,11:14:15,AM,40
3/26/2019,11:14:16,AM,40
3/26/2019,11:14:17,AM,40
3/26/2019,11:14:18,AM,40
3/26/2019,11:14:19,AM,40
3/26/2019,11:14:20,AM,41
3/26/2019,11:14:21,AM,41
3/26/2019,11:14:22,AM,42
3/26/2019,11:14:23,AM,43
3/26/2019,11:14:24,AM,43
3/26/2019,11:14:25,AM,44
3/26/2019,11:14:26,AM,44
3/26/2019,11:14:27,AM,44
3/26/2019,11:14:28,AM,45
3/26/2019,11:14:29,AM,45
3/26/2019,11:14:30,AM,45
3/26/2019,11:14:31,AM,45
3/26/2019,11:14:32,AM,45
3/26/2019,11:14:33,AM,45
3/26/2019,11:14:34,AM,45
3/26/2019,11:14:35,AM,45
3/26/2019,11:14:36,AM,45
3/26/2019,11:14:37,AM,45
3/26/2019,11:14:38,AM,45
3/26/2019,11:14:39,AM,45
3/26/2019,11:14:40,AM,45
3/26/2019,11:14:41,AM,44
3/26/2019,11:14:42,AM,44
3/26/2019,11:14:43,AM,44
3/26/2019,11:14:44,AM,44
3/26/2019,11:14:45,AM,43
3/26/2019,11:14:46,AM,43
3/26/2019,11:14:47,AM,43
3/26/2019,11:14:48,AM,43
3/26/2019,11:14:49,AM,43
3/26/2019,11:14:50,AM,43
3/26/2019,11:14:51,AM,43
3/26/2019,11:14:52,AM,43
3/26/2019,11:14:53,AM,43
3/26/2019,11:14:54,AM,43
3/26/2019,11:14:55,AM,43
3/26/2019,11:14:56,AM,43
3/26/2019,11:14:57,AM,43
3/26/2019,11:14:58,AM,43
3/26/2019,11:14:59,AM,43
3/26/2019,11:15:00,AM,44
3/26/2019,11:15:01,AM,44
3/26/2019,11:15:02,AM,44
3/26/2019,11:15:03,AM,44
3/26/2019,11:15:04,AM,44
3/26/2019,11:15:05,AM,44
3/26/2019,11:15:06,AM,44
3/26/2019,11:15:07,AM,45
3/26/2019,11:15:08,AM,45
3/26/2019,11:15:09,AM,45
3/26/2019,11:15:10,AM,45
3/26/2019,11:15:11,AM,45
3/26/2019,11:15:12,AM,45
3/26/2019,11:15:13,AM,45
3/26/2019,11:15:14,AM,45
3/26/2019,11:15:15,AM,45
3/26/2019,11:15:16,AM,45
3/26/2019,11:15:17,AM,45
3/26/2019,11:15:18,AM,46
3/26/2019,11:15:19,AM,46
3/26/2019,11:15:20,AM,46
3/26/2019,11:15:21,AM,46
3/26/2019,11:15:23,AM,46
3/26/2019,11:15:24,AM,46
3/26/2019,11:15:25,AM,46
3/26/2019,11:15:26,AM,46
3/26/2019,11:15:27,AM,46
3/26/2019,11:15:28,AM,46
3/26/2019,11:15:29,AM,46
3/26/2019,11:15:30,AM,46
3/26/2019,11:15:31,AM,46
3/26/2019,11:15:32,AM,46
3/26/2019,11:15:33,AM,45
3/26/2019,11:15:34,AM,46
3/26/2019,11:15:35,AM,45
3/26/2019,11:15:36,AM,45
3/26/2019,11:15:37,AM,45
3/26/2019,11:15:38,AM,45
3/26/2019,11:15:39,AM,45
3/26/2019,11:15:40,AM,45
3/26/2019,11:15:41,AM,45
3/26/2019,11:15:42,AM,45
3/26/2019,11:15:43,AM,45
3/26/2019,11:15:44,AM,45
3/26/2019,11:15:45,AM,45
3/26/2019,11:15:46,AM,45
3/26/2019,11:15:47,AM,45
3/26/2019,11:15:48,AM,45
3/26/2019,11:15:49,AM,45
3/26/2019,11:15:50,AM,45
3/26/2019,11:15:51,AM,45
3/26/2019,11:15:52,AM,45
3/26/2019,11:15:53,AM,45
3/26/2019,11:15:54,AM,45
3/26/2019,11:15:55,AM,45
3/26/2019,11:15:56,AM,45
3/26/2019,11:15:57,AM,45
3/26/2019,11:15:58,AM,45
3/26/2019,11:15:59,AM,45
3/26/2019,11:16:00,AM,45
3/26/2019,11:16:01,AM,45
3/26/2019,11:16:02,AM,45
3/26/2019,11:16:03,AM,45
3/26/2019,11:16:04,AM,45
3/26/2019,11:16:05,AM,45
3/26/2019,11:16:06,AM,45
3/26/2019,11:16:07,AM,45
3/26/2019,11:16:08,AM,46
3/26/2019,11:16:09,AM,46
3/26/2019,11:16:10,AM,46
3/26/2019,11:16:11,AM,46
3/26/2019,11:16:12,AM,46
3/26/2019,11:16:13,AM,46
3/26/2019,11:16:14,AM,46
3/26/2019,11:16:15,AM,46
3/26/2019,11:16:16,AM,46
3/26/2019,11:16:17,AM,46
3/26/2019,11:16:18,AM,46
3/26/2019,11:16:19,AM,46
3/26/2019,11:16:20,AM,46
3/26/2019,11:16:21,AM,46
3/26/2019,11:16:22,AM,46
3/26/2019,11:16:23,AM,46
3/26/2019,11:16:24,AM,46
3/26/2019,11:16:25,AM,46
3/26/2019,11:16:26,AM,46
3/26/2019,11:16:27,AM,46
3/26/2019,11:16:28,AM,45
3/26/2019,11:16:29,AM,45
3/26/2019,11:16:30,AM,45
3/26/2019,11:16:31,AM,45
3/26/2019,11:16:32,AM,45
3/26/2019,11:16:33,AM,45
3/26/2019,11:16:34,AM,45
3/26/2019,11:16:36,AM,45
3/26/2019,11:16:38,AM,45
3/26/2019,11:16:39,AM,45
3/26/2019,11:16:40,AM,44
3/26/2019,11:16:41,AM,44
3/26/2019,11:16:42,AM,44
3/26/2019,11:16:43,AM,44
3/26/2019,11:16:44,AM,44
3/26/2019,11:16:45,AM,43
3/26/2019,11:16:46,AM,43
3/26/2019,11:16:47,AM,43
3/26/2019,11:16:48,AM,43
3/26/2019,11:16:49,AM,42
3/26/2019,11:16:50,AM,43
3/26/2019,11:16:51,AM,43
3/26/2019,11:16:52,AM,43
3/26/2019,11:16:53,AM,43
3/26/2019,11:16:54,AM,43
3/26/2019,11:16:55,AM,43
3/26/2019,11:16:56,AM,43
3/26/2019,11:16:57,AM,42
3/26/2019,11:16:58,AM,42
3/26/2019,11:16:59,AM,42
3/26/2019,11:17:00,AM,41
3/26/2019,11:17:01,AM,41
3/26/2019,11:17:02,AM,40
3/26/2019,11:17:03,AM,40
3/26/2019,11:17:04,AM,40
3/26/2019,11:17:05,AM,40
3/26/2019,11:17:06,AM,40
3/26/2019,11:17:07,AM,40
3/26/2019,11:17:08,AM,40
3/26/2019,11:17:09,AM,40
3/26/2019,11:17:10,AM,40
3/26/2019,11:17:11,AM,40
3/26/2019,11:17:12,AM,41
3/26/2019,11:17:13,AM,41
3/26/2019,11:17:14,AM,42
3/26/2019,11:17:15,AM,43
3/26/2019,11:17:16,AM,43
3/26/2019,11:17:17,AM,43
3/26/2019,11:17:18,AM,43
3/26/2019,11:17:19,AM,43
3/26/2019,11:17:20,AM,44
3/26/2019,11:17:21,AM,43
3/26/2019,11:17:22,AM,43
3/26/2019,11:17:23,AM,43
3/26/2019,11:17:24,AM,43
3/26/2019,11:17:25,AM,43
3/26/2019,11:17:26,AM,43
3/26/2019,11:17:27,AM,43
3/26/2019,11:17:28,AM,43
3/26/2019,11:17:29,AM,43
3/26/2019,11:17:30,AM,43
3/26/2019,11:17:31,AM,43
3/26/2019,11:17:32,AM,43
3/26/2019,11:17:33,AM,43
3/26/2019,11:17:34,AM,43
3/26/2019,11:17:35,AM,43
3/26/2019,11:17:36,AM,43
3/26/2019,11:17:37,AM,43
3/26/2019,11:17:38,AM,43
3/26/2019,11:17:39,AM,43
3/26/2019,11:17:40,AM,43
3/26/2019,11:17:41,AM,43
3/26/2019,11:17:42,AM,43
3/26/2019,11:17:43,AM,43
3/26/2019,11:17:45,AM,43
3/26/2019,11:17:46,AM,43
3/26/2019,11:17:47,AM,43
3/26/2019,11:17:48,AM,43
3/26/2019,11:17:49,AM,44
3/26/2019,11:17:50,AM,44
3/26/2019,11:17:51,AM,44
3/26/2019,11:17:52,AM,44
3/26/2019,11:17:53,AM,44
3/26/2019,11:17:54,AM,44
3/26/2019,11:17:55,AM,44
3/26/2019,11:17:56,AM,43
3/26/2019,11:17:57,AM,44
3/26/2019,11:17:58,AM,43
3/26/2019,11:17:59,AM,43
3/26/2019,11:18:00,AM,43
3/26/2019,11:18:01,AM,43
3/26/2019,11:18:02,AM,43
3/26/2019,11:18:03,AM,42
3/26/2019,11:18:04,AM,42
3/26/2019,11:18:05,AM,42
3/26/2019,11:18:06,AM,42
3/26/2019,11:18:07,AM,42
3/26/2019,11:18:08,AM,41
3/26/2019,11:18:09,AM,42
3/26/2019,11:18:10,AM,42
3/26/2019,11:18:11,AM,42
3/26/2019,11:18:12,AM,42
3/26/2019,11:18:13,AM,42
3/26/2019,11:18:14,AM,42
3/26/2019,11:18:15,AM,42
3/26/2019,11:18:16,AM,42
3/26/2019,11:18:17,AM,42
3/26/2019,11:18:18,AM,42
3/26/2019,11:18:19,AM,42
3/26/2019,11:18:20,AM,42
3/26/2019,11:18:21,AM,42
3/26/2019,11:18:22,AM,42
3/26/2019,11:18:23,AM,42
3/26/2019,11:18:24,AM,42
3/26/2019,11:18:25,AM,42
3/26/2019,11:18:26,AM,42
3/26/2019,11:18:27,AM,42
3/26/2019,11:18:28,AM,41
3/26/2019,11:18:29,AM,41
3/26/2019,11:18:30,AM,41
3/26/2019,11:18:31,AM,41
3/26/2019,11:18:32,AM,41
3/26/2019,11:18:33,AM,41
3/26/2019,11:18:34,AM,41
3/26/2019,11:18:35,AM,41
3/26/2019,11:18:36,AM,41
3/26/2019,11:18:37,AM,41
3/26/2019,11:18:38,AM,41
3/26/2019,11:18:39,AM,42
3/26/2019,11:18:40,AM,42
3/26/2019,11:18:41,AM,42
3/26/2019,11:18:42,AM,42
3/26/2019,11:18:43,AM,42
3/26/2019,11:18:44,AM,42
3/26/2019,11:18:45,AM,41
3/26/2019,11:18:46,AM,41
3/26/2019,11:18:47,AM,41
3/26/2019,11:18:48,AM,41
3/26/2019,11:18:49,AM,41
3/26/2019,11:18:50,AM,42
3/26/2019,11:18:51,AM,42
3/26/2019,11:18:52,AM,42
3/26/2019,11:18:53,AM,42
3/26/2019,11:18:54,AM,42
3/26/2019,11:18:56,AM,42
3/26/2019,11:18:57,AM,42
3/26/2019,11:18:58,AM,41
3/26/2019,11:18:59,AM,41
3/26/2019,11:19:00,AM,42
3/26/2019,11:19:01,AM,42
3/26/2019,11:19:02,AM,42
3/26/2019,11:19:03,AM,42
3/26/2019,11:19:04,AM,42
3/26/2019,11:19:05,AM,42
3/26/2019,11:19:06,AM,42
3/26/2019,11:19:07,AM,42
3/26/2019,11:19:08,AM,42
3/26/2019,11:19:09,AM,42
3/26/2019,11:19:10,AM,42
3/26/2019,11:19:11,AM,42
3/26/2019,11:19:12,AM,42
3/26/2019,11:19:13,AM,42
3/26/2019,11:19:14,AM,42
3/26/2019,11:19:15,AM,42
3/26/2019,11:19:16,AM,42
3/26/2019,11:19:17,AM,42
3/26/2019,11:19:18,AM,42
3/26/2019,11:19:19,AM,42
3/26/2019,11:19:20,AM,42
3/26/2019,11:19:21,AM,42
3/26/2019,11:19:22,AM,42
3/26/2019,11:19:23,AM,42
3/26/2019,11:19:24,AM,43
3/26/2019,11:19:25,AM,43
3/26/2019,11:19:26,AM,44
3/26/2019,11:19:27,AM,44
3/26/2019,11:19:28,AM,44
3/26/2019,11:19:29,AM,44
3/26/2019,11:19:30,AM,45
3/26/2019,11:19:31,AM,46
3/26/2019,11:19:32,AM,46
3/26/2019,11:19:33,AM,47
3/26/2019,11:19:34,AM,47
3/26/2019,11:19:35,AM,47
3/26/2019,11:19:36,AM,48
3/26/2019,11:19:37,AM,48
3/26/2019,11:19:38,AM,48
3/26/2019,11:19:39,AM,49
3/26/2019,11:19:40,AM,49
3/26/2019,11:19:41,AM,49
3/26/2019,11:19:42,AM,49
3/26/2019,11:19:43,AM,49
3/26/2019,11:19:44,AM,49
3/26/2019,11:19:45,AM,49
3/26/2019,11:19:46,AM,49
3/26/2019,11:19:47,AM,49
3/26/2019,11:19:48,AM,49
3/26/2019,11:19:49,AM,49
3/26/2019,11:19:50,AM,49
3/26/2019,11:19:51,AM,49
3/26/2019,11:19:52,AM,49
3/26/2019,11:19:53,AM,49
3/26/2019,11:19:54,AM,49
3/26/2019,11:19:55,AM,49
3/26/2019,11:19:56,AM,49
3/26/2019,11:19:57,AM,49
3/26/2019,11:19:58,AM,49
3/26/2019,11:19:59,AM,49
3/26/2019,11:20:00,AM,49
3/26/2019,11:20:01,AM,49
3/26/2019,11:20:02,AM,49
3/26/2019,11:20:03,AM,49
3/26/2019,11:20:04,AM,49
3/26/2019,11:20:05,AM,50
3/26/2019,11:20:06,AM,50
3/26/2019,11:20:07,AM,50
3/26/2019,11:20:08,AM,50
3/26/2019,11:20:09,AM,50
3/26/2019,11:20:10,AM,50
3/26/2019,11:20:11,AM,50
3/26/2019,11:20:12,AM,50
3/26/2019,11:20:13,AM,50
3/26/2019,11:20:14,AM,50
3/26/2019,11:20:15,AM,50
3/26/2019,11:20:16,AM,50
3/26/2019,11:20:17,AM,50
3/26/2019,11:20:18,AM,50
3/26/2019,11:20:19,AM,50
3/26/2019,11:20:20,AM,50
3/26/2019,11:20:21,AM,50
3/26/2019,11:20:22,AM,50
3/26/2019,11:20:24,AM,49
3/26/2019,11:20:25,AM,49
3/26/2019,11:20:26,AM,49
3/26/2019,11:20:27,AM,48
3/26/2019,11:20:28,AM,48
3/26/2019,11:20:29,AM,48
3/26/2019,11:20:30,AM,48
3/26/2019,11:20:31,AM,48
3/26/2019,11:20:32,AM,48
3/26/2019,11:20:33,AM,48
3/26/2019,11:20:34,AM,48
3/26/2019,11:20:35,AM,49
3/26/2019,11:20:36,AM,49
3/26/2019,11:20:37,AM,49
3/26/2019,11:20:38,AM,50
3/26/2019,11:20:39,AM,50
3/26/2019,11:20:40,AM,50
3/26/2019,11:20:41,AM,50
3/26/2019,11:20:42,AM,50
3/26/2019,11:20:43,AM,50
3/26/2019,11:20:44,AM,50
3/26/2019,11:20:45,AM,50
3/26/2019,11:20:46,AM,49
3/26/2019,11:20:47,AM,49
3/26/2019,11:20:48,AM,49
3/26/2019,11:20:49,AM,48
3/26/2019,11:20:50,AM,47
3/26/2019,11:20:51,AM,47
3/26/2019,11:20:52,AM,45
3/26/2019,11:20:53,AM,45
3/26/2019,11:20:54,AM,45
3/26/2019,11:20:55,AM,45
3/26/2019,11:20:56,AM,45
3/26/2019,11:20:57,AM,45
3/26/2019,11:20:58,AM,44
3/26/2019,11:20:59,AM,44
3/26/2019,11:21:00,AM,44
3/26/2019,11:21:01,AM,44
3/26/2019,11:21:02,AM,44
3/26/2019,11:21:03,AM,44
3/26/2019,11:21:04,AM,45
3/26/2019,11:21:05,AM,45
3/26/2019,11:21:06,AM,45
3/26/2019,11:21:07,AM,46
3/26/2019,11:21:08,AM,46
3/26/2019,11:21:09,AM,46
3/26/2019,11:21:10,AM,46
3/26/2019,11:21:11,AM,46
3/26/2019,11:21:12,AM,46
3/26/2019,11:21:13,AM,46
3/26/2019,11:21:14,AM,46
3/26/2019,11:21:15,AM,46
3/26/2019,11:21:16,AM,46
3/26/2019,11:21:17,AM,46
3/26/2019,11:21:18,AM,46
3/26/2019,11:21:19,AM,46
3/26/2019,11:21:20,AM,46
3/26/2019,11:21:21,AM,46
3/26/2019,11:21:22,AM,46
3/26/2019,11:21:23,AM,46
3/26/2019,11:21:24,AM,46
3/26/2019,11:21:25,AM,46
3/26/2019,11:21:26,AM,46
3/26/2019,11:21:27,AM,46
3/26/2019,11:21:28,AM,46
3/26/2019,11:21:29,AM,46
3/26/2019,11:21:30,AM,46
3/26/2019,11:21:31,AM,46
3/26/2019,11:21:32,AM,46
3/26/2019,11:21:33,AM,46
3/26/2019,11:21:34,AM,46
3/26/2019,11:21:35,AM,46
3/26/2019,11:21:36,AM,46
3/26/2019,11:21:37,AM,46
3/26/2019,11:21:38,AM,46
3/26/2019,11:21:39,AM,46
3/26/2019,11:21:40,AM,45
3/26/2019,11:21:41,AM,45
3/26/2019,11:21:42,AM,45
3/26/2019,11:21:43,AM,45
3/26/2019,11:21:44,AM,45
3/26/2019,11:21:45,AM,45
3/26/2019,11:21:46,AM,45
3/26/2019,11:21:47,AM,45
3/26/2019,11:21:48,AM,45
3/26/2019,11:21:49,AM,46
3/26/2019,11:21:50,AM,46
3/26/2019,11:21:51,AM,45
3/26/2019,11:21:53,AM,46
3/26/2019,11:21:54,AM,46
3/26/2019,11:21:55,AM,47
3/26/2019,11:21:56,AM,47
3/26/2019,11:21:57,AM,47
3/26/2019,11:21:58,AM,47
3/26/2019,11:21:59,AM,47
3/26/2019,11:22:00,AM,47
3/26/2019,11:22:01,AM,47
3/26/2019,11:22:02,AM,48
3/26/2019,11:22:03,AM,48
3/26/2019,11:22:04,AM,48
3/26/2019,11:22:05,AM,48
3/26/2019,11:22:06,AM,48
3/26/2019,11:22:07,AM,48
3/26/2019,11:22:08,AM,48
3/26/2019,11:22:09,AM,48
3/26/2019,11:22:10,AM,48
3/26/2019,11:22:11,AM,48
3/26/2019,11:22:12,AM,48
3/26/2019,11:22:13,AM,48
3/26/2019,11:22:14,AM,49
3/26/2019,11:22:15,AM,49
3/26/2019,11:22:16,AM,49
3/26/2019,11:22:17,AM,49
3/26/2019,11:22:18,AM,49
3/26/2019,11:22:19,AM,49
3/26/2019,11:22:20,AM,49
3/26/2019,11:22:21,AM,49
3/26/2019,11:22:22,AM,48
3/26/2019,11:22:23,AM,48
3/26/2019,11:22:24,AM,48
3/26/2019,11:22:25,AM,48
3/26/2019,11:22:26,AM,48
3/26/2019,11:22:27,AM,48
3/26/2019,11:22:28,AM,48
3/26/2019,11:22:29,AM,48
3/26/2019,11:22:30,AM,48
3/26/2019,11:22:31,AM,48
3/26/2019,11:22:32,AM,48
3/26/2019,11:22:33,AM,48
3/26/2019,11:22:34,AM,48
3/26/2019,11:22:35,AM,48
3/26/2019,11:22:36,AM,48
3/26/2019,11:22:37,AM,48
3/26/2019,11:22:38,AM,48
3/26/2019,11:22:39,AM,48
3/26/2019,11:22:40,AM,48
3/26/2019,11:22:41,AM,48
3/26/2019,11:22:42,AM,48
3/26/2019,11:22:43,AM,48
3/26/2019,11:22:44,AM,48
3/26/2019,11:22:45,AM,48
3/26/2019,11:22:46,AM,48
3/26/2019,11:22:47,AM,48
3/26/2019,11:22:48,AM,48
3/26/2019,11:22:49,AM,49
3/26/2019,11:22:50,AM,49
3/26/2019,11:22:51,AM,49
3/26/2019,11:22:52,AM,49
3/26/2019,11:22:53,AM,49
3/26/2019,11:22:54,AM,49
3/26/2019,11:22:55,AM,49
3/26/2019,11:22:56,AM,49
3/26/2019,11:22:57,AM,49
3/26/2019,11:22:58,AM,48
3/26/2019,11:22:59,AM,48
3/26/2019,11:23:00,AM,47
3/26/2019,11:23:01,AM,47
3/26/2019,11:23:02,AM,47
3/26/2019,11:23:03,AM,46
3/26/2019,11:23:04,AM,45
3/26/2019,11:23:05,AM,45
3/26/2019,11:23:06,AM,45
3/26/2019,11:23:08,AM,44
3/26/2019,11:23:09,AM,43
3/26/2019,11:23:10,AM,42
3/26/2019,11:23:11,AM,42
3/26/2019,11:23:12,AM,42
3/26/2019,11:23:13,AM,42
3/26/2019,11:23:14,AM,41
3/26/2019,11:23:15,AM,41
3/26/2019,11:23:16,AM,41
3/26/2019,11:23:17,AM,41
3/26/2019,11:23:18,AM,41
3/26/2019,11:23:19,AM,41
3/26/2019,11:23:20,AM,41
3/26/2019,11:23:21,AM,41
3/26/2019,11:23:22,AM,41
3/26/2019,11:23:23,AM,41
3/26/2019,11:23:24,AM,41
3/26/2019,11:23:25,AM,41
3/26/2019,11:23:26,AM,41
3/26/2019,11:23:27,AM,41
3/26/2019,11:23:28,AM,41
3/26/2019,11:23:29,AM,41
3/26/2019,11:23:30,AM,41
3/26/2019,11:23:31,AM,41
3/26/2019,11:23:32,AM,41
3/26/2019,11:23:33,AM,41
3/26/2019,11:23:34,AM,41
3/26/2019,11:23:35,AM,41
3/26/2019,11:23:36,AM,41
3/26/2019,11:23:37,AM,41
3/26/2019,11:23:38,AM,41
3/26/2019,11:23:39,AM,41
3/26/2019,11:23:40,AM,41
3/26/2019,11:23:41,AM,41
3/26/2019,11:23:42,AM,42
3/26/2019,11:23:43,AM,42
3/26/2019,11:23:44,AM,42
3/26/2019,11:23:45,AM,42
3/26/2019,11:23:46,AM,42
3/26/2019,11:23:47,AM,42
3/26/2019,11:23:48,AM,42
3/26/2019,11:23:49,AM,42
3/26/2019,11:23:50,AM,42
3/26/2019,11:23:51,AM,42
3/26/2019,11:23:52,AM,43
3/26/2019,11:23:53,AM,43
3/26/2019,11:23:54,AM,43
3/26/2019,11:23:55,AM,43
3/26/2019,11:23:56,AM,43
3/26/2019,11:23:57,AM,43
3/26/2019,11:23:58,AM,43
3/26/2019,11:23:59,AM,43
3/26/2019,11:24:00,AM,43
3/26/2019,11:24:01,AM,43
3/26/2019,11:24:02,AM,43
3/26/2019,11:24:03,AM,43
3/26/2019,11:24:04,AM,43
3/26/2019,11:24:05,AM,43
3/26/2019,11:24:06,AM,44
3/26/2019,11:24:07,AM,44
3/26/2019,11:24:08,AM,44
3/26/2019,11:24:09,AM,44
3/26/2019,11:24:10,AM,43
3/26/2019,11:24:11,AM,43
3/26/2019,11:24:12,AM,43
3/26/2019,11:24:13,AM,43
3/26/2019,11:24:14,AM,43
3/26/2019,11:24:15,AM,43
3/26/2019,11:24:16,AM,43
3/26/2019,11:24:17,AM,43
3/26/2019,11:24:18,AM,43
3/26/2019,11:24:19,AM,43
3/26/2019,11:24:20,AM,43
3/26/2019,11:24:21,AM,43
3/26/2019,11:24:22,AM,43
3/26/2019,11:24:23,AM,43
3/26/2019,11:24:24,AM,43
3/26/2019,11:24:25,AM,43
3/26/2019,11:24:26,AM,43
3/26/2019,11:24:27,AM,43
3/26/2019,11:24:28,AM,43
3/26/2019,11:24:29,AM,42
3/26/2019,11:24:30,AM,42
3/26/2019,11:24:31,AM,42
3/26/2019,11:24:32,AM,42
3/26/2019,11:24:33,AM,42
3/26/2019,11:24:35,AM,43
3/26/2019,11:24:36,AM,43
3/26/2019,11:24:37,AM,43
3/26/2019,11:24:38,AM,43
3/26/2019,11:24:39,AM,43
3/26/2019,11:24:40,AM,42
3/26/2019,11:24:41,AM,42
3/26/2019,11:24:42,AM,42
3/26/2019,11:24:43,AM,41
3/26/2019,11:24:44,AM,41
3/26/2019,11:24:45,AM,41
3/26/2019,11:24:46,AM,41
3/26/2019,11:24:47,AM,41
3/26/2019,11:24:48,AM,40
3/26/2019,11:24:49,AM,40
3/26/2019,11:24:50,AM,40
3/26/2019,11:24:51,AM,40
3/26/2019,11:24:52,AM,40
3/26/2019,11:24:53,AM,40
3/26/2019,11:24:54,AM,40
3/26/2019,11:24:55,AM,40
3/26/2019,11:24:56,AM,40
3/26/2019,11:24:57,AM,40
3/26/2019,11:24:58,AM,40
3/26/2019,11:24:59,AM,40
3/26/2019,11:25:00,AM,41
3/26/2019,11:25:01,AM,41
3/26/2019,11:25:02,AM,41
3/26/2019,11:25:03,AM,41
3/26/2019,11:25:04,AM,41
3/26/2019,11:25:05,AM,41
3/26/2019,11:25:06,AM,41
3/26/2019,11:25:07,AM,41
3/26/2019,11:25:08,AM,41
3/26/2019,11:25:09,AM,41
3/26/2019,11:25:10,AM,42
3/26/2019,11:25:11,AM,42
3/26/2019,11:25:12,AM,43
3/26/2019,11:25:13,AM,43
3/26/2019,11:25:14,AM,43
3/26/2019,11:25:15,AM,43
3/26/2019,11:25:16,AM,43
3/26/2019,11:25:17,AM,43
3/26/2019,11:25:18,AM,43
3/26/2019,11:25:19,AM,43
3/26/2019,11:25:20,AM,43
3/26/2019,11:25:21,AM,43
3/26/2019,11:25:22,AM,43
3/26/2019,11:25:23,AM,42
3/26/2019,11:25:24,AM,42
3/26/2019,11:25:25,AM,43
3/26/2019,11:25:26,AM,42
3/26/2019,11:25:27,AM,42
3/26/2019,11:25:28,AM,42
3/26/2019,11:25:29,AM,42
3/26/2019,11:25:30,AM,42
3/26/2019,11:25:31,AM,42
3/26/2019,11:25:32,AM,41
3/26/2019,11:25:33,AM,41
3/26/2019,11:25:34,AM,41
3/26/2019,11:25:35,AM,41
3/26/2019,11:25:36,AM,41
3/26/2019,11:25:37,AM,41
3/26/2019,11:25:38,AM,41
3/26/2019,11:25:39,AM,41
3/26/2019,11:25:40,AM,41
3/26/2019,11:25:41,AM,41
3/26/2019,11:25:42,AM,41
3/26/2019,11:25:43,AM,41
3/26/2019,11:25:44,AM,41
3/26/2019,11:25:45,AM,41
3/26/2019,11:25:46,AM,41
3/26/2019,11:25:47,AM,41
3/26/2019,11:25:48,AM,42
3/26/2019,11:25:50,AM,42
3/26/2019,11:25:51,AM,42
3/26/2019,11:25:52,AM,42
3/26/2019,11:25:53,AM,42
3/26/2019,11:25:54,AM,42
3/26/2019,11:25:55,AM,41
3/26/2019,11:25:56,AM,41
3/26/2019,11:25:57,AM,41
3/26/2019,11:25:58,AM,41
3/26/2019,11:25:59,AM,41
3/26/2019,11:26:00,AM,41
3/26/2019,11:26:01,AM,41
3/26/2019,11:26:02,AM,41
3/26/2019,11:26:03,AM,41
3/26/2019,11:26:04,AM,41
3/26/2019,11:26:05,AM,41
3/26/2019,11:26:06,AM,41
3/26/2019,11:26:07,AM,41
3/26/2019,11:26:08,AM,41
3/26/2019,11:26:09,AM,41
3/26/2019,11:26:10,AM,42
3/26/2019,11:26:11,AM,42
3/26/2019,11:26:12,AM,42
3/26/2019,11:26:13,AM,42
3/26/2019,11:26:14,AM,42
3/26/2019,11:26:15,AM,42
3/26/2019,11:26:16,AM,42
3/26/2019,11:26:17,AM,43
3/26/2019,11:26:18,AM,43
3/26/2019,11:26:19,AM,43
3/26/2019,11:26:20,AM,43
3/26/2019,11:26:21,AM,43
3/26/2019,11:26:22,AM,43
3/26/2019,11:26:23,AM,42
3/26/2019,11:26:24,AM,42
3/26/2019,11:26:25,AM,41
3/26/2019,11:26:26,AM,41
3/26/2019,11:26:27,AM,41
3/26/2019,11:26:28,AM,40
3/26/2019,11:26:29,AM,40
3/26/2019,11:26:30,AM,40
3/26/2019,11:26:31,AM,40
3/26/2019,11:26:32,AM,40
3/26/2019,11:26:33,AM,40
3/26/2019,11:26:34,AM,40
3/26/2019,11:26:35,AM,40
3/26/2019,11:26:36,AM,40
3/26/2019,11:26:37,AM,40
3/26/2019,11:26:38,AM,40
3/26/2019,11:26:39,AM,40
3/26/2019,11:26:40,AM,40
3/26/2019,11:26:41,AM,40
3/26/2019,11:26:42,AM,40
3/26/2019,11:26:43,AM,40
3/26/2019,11:26:44,AM,41
3/26/2019,11:26:45,AM,41
3/26/2019,11:26:46,AM,41
3/26/2019,11:26:47,AM,42
3/26/2019,11:26:48,AM,42
3/26/2019,11:26:49,AM,42
3/26/2019,11:26:50,AM,42
3/26/2019,11:26:51,AM,42
3/26/2019,11:26:52,AM,42
3/26/2019,11:26:53,AM,42
3/26/2019,11:26:54,AM,42
3/26/2019,11:26:55,AM,42
3/26/2019,11:26:56,AM,42
3/26/2019,11:26:57,AM,42
3/26/2019,11:26:58,AM,42
3/26/2019,11:26:59,AM,42
3/26/2019,11:27:00,AM,42
3/26/2019,11:27:01,AM,42
3/26/2019,11:27:02,AM,42
3/26/2019,11:27:03,AM,42
3/26/2019,11:27:05,AM,42
3/26/2019,11:27:06,AM,42
3/26/2019,11:27:07,AM,42
3/26/2019,11:27:08,AM,43
3/26/2019,11:27:09,AM,43
3/26/2019,11:27:10,AM,43
3/26/2019,11:27:11,AM,44
3/26/2019,11:27:12,AM,44
3/26/2019,11:27:13,AM,44
3/26/2019,11:27:14,AM,44
3/26/2019,11:27:15,AM,45
3/26/2019,11:27:16,AM,45
3/26/2019,11:27:17,AM,45
3/26/2019,11:27:18,AM,44
3/26/2019,11:27:19,AM,44
3/26/2019,11:27:20,AM,45
3/26/2019,11:27:21,AM,44
3/26/2019,11:27:22,AM,44
3/26/2019,11:27:23,AM,45
3/26/2019,11:27:24,AM,45
3/26/2019,11:27:25,AM,45
3/26/2019,11:27:26,AM,45
3/26/2019,11:27:27,AM,45
3/26/2019,11:27:28,AM,45
3/26/2019,11:27:29,AM,45
3/26/2019,11:27:30,AM,45
3/26/2019,11:27:31,AM,45
3/26/2019,11:27:32,AM,45
3/26/2019,11:27:33,AM,45
3/26/2019,11:27:34,AM,45
3/26/2019,11:27:35,AM,45
3/26/2019,11:27:36,AM,45
3/26/2019,11:27:37,AM,45
3/26/2019,11:27:38,AM,45
3/26/2019,11:27:39,AM,45
3/26/2019,11:27:40,AM,45
3/26/2019,11:27:41,AM,45
3/26/2019,11:27:42,AM,45
3/26/2019,11:27:43,AM,45
3/26/2019,11:27:44,AM,45
3/26/2019,11:27:45,AM,45
3/26/2019,11:27:46,AM,45
3/26/2019,11:27:47,AM,45
3/26/2019,11:27:48,AM,45
3/26/2019,11:27:49,AM,45
3/26/2019,11:27:50,AM,45
3/26/2019,11:27:51,AM,45
3/26/2019,11:27:52,AM,45
3/26/2019,11:27:53,AM,46
3/26/2019,11:27:54,AM,46
3/26/2019,11:27:55,AM,46
3/26/2019,11:27:56,AM,46
3/26/2019,11:27:57,AM,46
3/26/2019,11:27:58,AM,46
3/26/2019,11:27:59,AM,46
3/26/2019,11:28:00,AM,46
3/26/2019,11:28:01,AM,46
3/26/2019,11:28:02,AM,47
3/26/2019,11:28:03,AM,47
3/26/2019,11:28:04,AM,47
3/26/2019,11:28:05,AM,47
3/26/2019,11:28:06,AM,47
3/26/2019,11:28:07,AM,47
3/26/2019,11:28:08,AM,47
3/26/2019,11:28:09,AM,47
3/26/2019,11:28:10,AM,47
3/26/2019,11:28:11,AM,47
3/26/2019,11:28:12,AM,47
3/26/2019,11:28:13,AM,47
3/26/2019,11:28:14,AM,47
3/26/2019,11:28:15,AM,46
3/26/2019,11:28:16,AM,46
3/26/2019,11:28:17,AM,46
3/26/2019,11:28:18,AM,46
3/26/2019,11:28:19,AM,46
3/26/2019,11:28:21,AM,46
3/26/2019,11:28:22,AM,46
3/26/2019,11:28:23,AM,46
3/26/2019,11:28:24,AM,46
3/26/2019,11:28:25,AM,46
3/26/2019,11:28:26,AM,47
3/26/2019,11:28:27,AM,47
3/26/2019,11:28:28,AM,47
3/26/2019,11:28:29,AM,47
3/26/2019,11:28:30,AM,47
3/26/2019,11:28:31,AM,47
3/26/2019,11:28:32,AM,47
3/26/2019,11:28:33,AM,48
3/26/2019,11:28:34,AM,48
3/26/2019,11:28:35,AM,47
3/26/2019,11:28:36,AM,48
3/26/2019,11:28:37,AM,48
3/26/2019,11:28:38,AM,48
3/26/2019,11:28:39,AM,48
3/26/2019,11:28:40,AM,48
3/26/2019,11:28:41,AM,48
3/26/2019,11:28:42,AM,48
3/26/2019,11:28:43,AM,48
3/26/2019,11:28:44,AM,48
3/26/2019,11:28:45,AM,48
3/26/2019,11:28:46,AM,48
3/26/2019,11:28:47,AM,48
3/26/2019,11:28:48,AM,48
3/26/2019,11:28:49,AM,48
3/26/2019,11:28:50,AM,49
3/26/2019,11:28:51,AM,48
3/26/2019,11:28:52,AM,48
3/26/2019,11:28:53,AM,48
3/26/2019,11:28:54,AM,47
3/26/2019,11:28:55,AM,47
3/26/2019,11:28:56,AM,47
3/26/2019,11:28:57,AM,47
3/26/2019,11:28:58,AM,47
3/26/2019,11:28:59,AM,47
3/26/2019,11:29:00,AM,47
3/26/2019,11:29:01,AM,47
3/26/2019,11:29:02,AM,47
3/26/2019,11:29:03,AM,47
3/26/2019,11:29:04,AM,47
3/26/2019,11:29:05,AM,47
3/26/2019,11:29:06,AM,47
3/26/2019,11:29:07,AM,48
3/26/2019,11:29:08,AM,48
3/26/2019,11:29:09,AM,48
3/26/2019,11:29:10,AM,49
3/26/2019,11:29:11,AM,50
3/26/2019,11:29:12,AM,50
3/26/2019,11:29:13,AM,50
3/26/2019,11:29:14,AM,50
3/26/2019,11:29:15,AM,50
3/26/2019,11:29:16,AM,50
3/26/2019,11:29:17,AM,50
3/26/2019,11:29:18,AM,51
3/26/2019,11:29:19,AM,51
3/26/2019,11:29:20,AM,50
3/26/2019,11:29:21,AM,51
3/26/2019,11:29:22,AM,51
3/26/2019,11:29:23,AM,51
3/26/2019,11:29:24,AM,51
3/26/2019,11:29:25,AM,52
3/26/2019,11:29:26,AM,53
3/26/2019,11:29:27,AM,54
3/26/2019,11:29:28,AM,54
3/26/2019,11:29:29,AM,54
3/26/2019,11:29:30,AM,54
3/26/2019,11:29:31,AM,54
3/26/2019,11:29:32,AM,54
3/26/2019,11:29:33,AM,54
3/26/2019,11:29:34,AM,54
3/26/2019,11:29:35,AM,54
3/26/2019,11:29:36,AM,54
3/26/2019,11:29:37,AM,54
3/26/2019,11:29:38,AM,54
3/26/2019,11:29:39,AM,54
3/26/2019,11:29:40,AM,54
3/26/2019,11:29:41,AM,54
3/26/2019,11:29:42,AM,55
3/26/2019,11:29:43,AM,54
3/26/2019,11:29:44,AM,54
3/26/2019,11:29:45,AM,55
3/26/2019,11:29:47,AM,55
3/26/2019,11:29:48,AM,55
3/26/2019,11:29:49,AM,55
3/26/2019,11:29:50,AM,54
3/26/2019,11:29:51,AM,54
3/26/2019,11:29:52,AM,54
3/26/2019,11:29:53,AM,54
3/26/2019,11:29:54,AM,54
3/26/2019,11:29:55,AM,54
3/26/2019,11:29:56,AM,54
3/26/2019,11:29:57,AM,54
3/26/2019,11:29:58,AM,54
3/26/2019,11:29:59,AM,54
3/26/2019,11:30:00,AM,54
3/26/2019,11:30:01,AM,54
3/26/2019,11:30:02,AM,54
3/26/2019,11:30:03,AM,54
3/26/2019,11:30:04,AM,54
3/26/2019,11:30:05,AM,54
3/26/2019,11:30:06,AM,55
3/26/2019,11:30:07,AM,55
3/26/2019,11:30:08,AM,56
3/26/2019,11:30:09,AM,57
3/26/2019,11:30:10,AM,57
3/26/2019,11:30:11,AM,57
3/26/2019,11:30:12,AM,57
3/26/2019,11:30:13,AM,57
3/26/2019,11:30:14,AM,57
3/26/2019,11:30:15,AM,57
3/26/2019,11:30:16,AM,57
3/26/2019,11:30:17,AM,57
3/26/2019,11:30:18,AM,56
3/26/2019,11:30:19,AM,57
3/26/2019,11:30:20,AM,57
3/26/2019,11:30:21,AM,56
3/26/2019,11:30:22,AM,56
3/26/2019,11:30:23,AM,57
3/26/2019,11:30:24,AM,57
3/26/2019,11:30:25,AM,56
3/26/2019,11:30:26,AM,56
3/26/2019,11:30:27,AM,56
3/26/2019,11:30:28,AM,56
3/26/2019,11:30:29,AM,56
3/26/2019,11:30:30,AM,56
3/26/2019,11:30:31,AM,56
3/26/2019,11:30:32,AM,56
3/26/2019,11:30:33,AM,56
3/26/2019,11:30:34,AM,56
3/26/2019,11:30:35,AM,56
3/26/2019,11:30:36,AM,56
3/26/2019,11:30:37,AM,56
3/26/2019,11:30:38,AM,56
3/26/2019,11:30:39,AM,56
3/26/2019,11:30:40,AM,56
3/26/2019,11:30:41,AM,56
3/26/2019,11:30:42,AM,57
3/26/2019,11:30:43,AM,56
3/26/2019,11:30:44,AM,57
3/26/2019,11:30:45,AM,57
3/26/2019,11:30:46,AM,57
3/26/2019,11:30:47,AM,57
3/26/2019,11:30:48,AM,57
3/26/2019,11:30:49,AM,57
3/26/2019,11:30:50,AM,57
3/26/2019,11:30:51,AM,57
3/26/2019,11:30:52,AM,57
3/26/2019,11:30:53,AM,57
3/26/2019,11:30:54,AM,57
3/26/2019,11:30:55,AM,57
3/26/2019,11:30:56,AM,57
3/26/2019,11:30:57,AM,57
3/26/2019,11:30:58,AM,56
3/26/2019,11:30:59,AM,56
3/26/2019,11:31:00,AM,56
3/26/2019,11:31:01,AM,56
3/26/2019,11:31:02,AM,56
3/26/2019,11:31:03,AM,56
3/26/2019,11:31:05,AM,56
3/26/2019,11:31:07,AM,56
3/26/2019,11:31:08,AM,56
3/26/2019,11:31:09,AM,55
3/26/2019,11:31:10,AM,55
3/26/2019,11:31:11,AM,55
3/26/2019,11:31:12,AM,55
3/26/2019,11:31:13,AM,55
3/26/2019,11:31:14,AM,55
3/26/2019,11:31:15,AM,56
3/26/2019,11:31:16,AM,55
3/26/2019,11:31:17,AM,55
3/26/2019,11:31:18,AM,55
3/26/2019,11:31:19,AM,55
3/26/2019,11:31:20,AM,55
3/26/2019,11:31:21,AM,55
3/26/2019,11:31:22,AM,55
3/26/2019,11:31:23,AM,55
3/26/2019,11:31:24,AM,55
3/26/2019,11:31:25,AM,55
3/26/2019,11:31:26,AM,55
3/26/2019,11:31:27,AM,55
3/26/2019,11:31:28,AM,55
3/26/2019,11:31:29,AM,55
3/26/2019,11:31:30,AM,55
3/26/2019,11:31:31,AM,55
3/26/2019,11:31:32,AM,55
3/26/2019,11:31:33,AM,55
3/26/2019,11:31:34,AM,55
3/26/2019,11:31:35,AM,55
3/26/2019,11:31:36,AM,55
3/26/2019,11:31:37,AM,56
3/26/2019,11:31:38,AM,56
3/26/2019,11:31:39,AM,57
3/26/2019,11:31:40,AM,57
3/26/2019,11:31:41,AM,57
3/26/2019,11:31:42,AM,57
3/26/2019,11:31:43,AM,57
3/26/2019,11:31:44,AM,57
3/26/2019,11:31:45,AM,57
3/26/2019,11:31:46,AM,57
3/26/2019,11:31:47,AM,57
3/26/2019,11:31:48,AM,58
3/26/2019,11:31:49,AM,58
3/26/2019,11:31:50,AM,58
3/26/2019,11:31:51,AM,58
3/26/2019,11:31:52,AM,58
3/26/2019,11:31:53,AM,58
3/26/2019,11:31:54,AM,59
3/26/2019,11:31:55,AM,59
3/26/2019,11:31:56,AM,59
3/26/2019,11:31:57,AM,60
3/26/2019,11:31:58,AM,60
3/26/2019,11:31:59,AM,60
3/26/2019,11:32:00,AM,60
3/26/2019,11:32:01,AM,60
3/26/2019,11:32:02,AM,60
3/26/2019,11:32:03,AM,60
3/26/2019,11:32:04,AM,60
3/26/2019,11:32:05,AM,60
3/26/2019,11:32:06,AM,60
3/26/2019,11:32:07,AM,60
3/26/2019,11:32:08,AM,60
3/26/2019,11:32:09,AM,60
3/26/2019,11:32:10,AM,60
3/26/2019,11:32:11,AM,60
3/26/2019,11:32:12,AM,60
3/26/2019,11:32:13,AM,59
3/26/2019,11:32:14,AM,59
3/26/2019,11:32:15,AM,60
3/26/2019,11:32:16,AM,60
3/26/2019,11:32:17,AM,60
3/26/2019,11:32:18,AM,60
3/26/2019,11:32:19,AM,60
3/26/2019,11:32:21,AM,60
3/26/2019,11:32:22,AM,60
3/26/2019,11:32:23,AM,60
3/26/2019,11:32:24,AM,60
3/26/2019,11:32:25,AM,60
3/26/2019,11:32:26,AM,59
3/26/2019,11:32:27,AM,60
3/26/2019,11:32:28,AM,59
3/26/2019,11:32:29,AM,59
3/26/2019,11:32:30,AM,59
3/26/2019,11:32:31,AM,59
3/26/2019,11:32:32,AM,59
3/26/2019,11:32:33,AM,59
3/26/2019,11:32:34,AM,59
3/26/2019,11:32:35,AM,60
3/26/2019,11:32:36,AM,60
3/26/2019,11:32:37,AM,60
3/26/2019,11:32:38,AM,60
3/26/2019,11:32:39,AM,60
3/26/2019,11:32:40,AM,60
3/26/2019,11:32:41,AM,60
3/26/2019,11:32:42,AM,60
3/26/2019,11:32:43,AM,60
3/26/2019,11:32:44,AM,60
3/26/2019,11:32:45,AM,60
3/26/2019,11:32:46,AM,60
3/26/2019,11:32:47,AM,60
3/26/2019,11:32:48,AM,60
3/26/2019,11:32:49,AM,60
3/26/2019,11:32:50,AM,59
3/26/2019,11:32:51,AM,58
3/26/2019,11:32:52,AM,58
3/26/2019,11:32:53,AM,58
3/26/2019,11:32:54,AM,58
3/26/2019,11:32:55,AM,58
3/26/2019,11:32:56,AM,58
3/26/2019,11:32:57,AM,58
3/26/2019,11:32:58,AM,57
3/26/2019,11:32:59,AM,57
3/26/2019,11:33:00,AM,57
3/26/2019,11:33:01,AM,57
3/26/2019,11:33:02,AM,57
3/26/2019,11:33:03,AM,57
3/26/2019,11:33:04,AM,56
3/26/2019,11:33:05,AM,54
3/26/2019,11:33:06,AM,54
3/26/2019,11:33:07,AM,54
3/26/2019,11:33:08,AM,54
3/26/2019,11:33:09,AM,54
3/26/2019,11:33:10,AM,54
3/26/2019,11:33:11,AM,54
3/26/2019,11:33:12,AM,53
3/26/2019,11:33:13,AM,53
3/26/2019,11:33:14,AM,54
3/26/2019,11:33:15,AM,53
3/26/2019,11:33:16,AM,54
3/26/2019,11:33:17,AM,53
3/26/2019,11:33:18,AM,53
3/26/2019,11:33:19,AM,53
3/26/2019,11:33:20,AM,54
3/26/2019,11:33:21,AM,54
3/26/2019,11:33:22,AM,53
3/26/2019,11:33:23,AM,54
3/26/2019,11:33:24,AM,54
3/26/2019,11:33:25,AM,54
3/26/2019,11:33:26,AM,54
3/26/2019,11:33:27,AM,53
3/26/2019,11:33:28,AM,53
3/26/2019,11:33:29,AM,54
3/26/2019,11:33:30,AM,53
3/26/2019,11:33:31,AM,53
3/26/2019,11:33:32,AM,53
3/26/2019,11:33:33,AM,53
3/26/2019,11:33:34,AM,53
3/26/2019,11:33:35,AM,53
3/26/2019,11:33:36,AM,53
3/26/2019,11:33:37,AM,53
3/26/2019,11:33:38,AM,53
3/26/2019,11:33:39,AM,53
3/26/2019,11:33:40,AM,53
3/26/2019,11:33:41,AM,53
3/26/2019,11:33:43,AM,53
3/26/2019,11:33:44,AM,53
3/26/2019,11:33:45,AM,53
3/26/2019,11:33:46,AM,53
3/26/2019,11:33:47,AM,53
3/26/2019,11:33:48,AM,53
3/26/2019,11:33:49,AM,53
3/26/2019,11:33:50,AM,52
3/26/2019,11:33:51,AM,52
3/26/2019,11:33:52,AM,51
3/26/2019,11:33:53,AM,51
3/26/2019,11:33:54,AM,51
3/26/2019,11:33:55,AM,51
3/26/2019,11:33:56,AM,51
3/26/2019,11:33:57,AM,51
3/26/2019,11:33:58,AM,51
3/26/2019,11:33:59,AM,51
3/26/2019,11:34:00,AM,51
3/26/2019,11:34:01,AM,51
3/26/2019,11:34:02,AM,51
3/26/2019,11:34:03,AM,51
3/26/2019,11:34:04,AM,51
3/26/2019,11:34:05,AM,51
3/26/2019,11:34:06,AM,51
3/26/2019,11:34:07,AM,51
3/26/2019,11:34:08,AM,51
3/26/2019,11:34:09,AM,51
3/26/2019,11:34:10,AM,51
3/26/2019,11:34:11,AM,51
3/26/2019,11:34:12,AM,51
3/26/2019,11:34:13,AM,51
3/26/2019,11:34:14,AM,51
3/26/2019,11:34:15,AM,51
3/26/2019,11:34:16,AM,51
3/26/2019,11:34:17,AM,51
3/26/2019,11:34:18,AM,51
3/26/2019,11:34:19,AM,51
3/26/2019,11:34:20,AM,51
3/26/2019,11:34:21,AM,51
3/26/2019,11:34:22,AM,51
3/26/2019,11:34:23,AM,51
3/26/2019,11:34:24,AM,51
3/26/2019,11:34:25,AM,50
3/26/2019,11:34:26,AM,50
3/26/2019,11:34:27,AM,50
3/26/2019,11:34:28,AM,50
3/26/2019,11:34:29,AM,50
3/26/2019,11:34:30,AM,49
3/26/2019,11:34:31,AM,49
3/26/2019,11:34:32,AM,49
3/26/2019,11:34:33,AM,49
3/26/2019,11:34:34,AM,49
3/26/2019,11:34:35,AM,49
3/26/2019,11:34:36,AM,49
3/26/2019,11:34:37,AM,49
3/26/2019,11:34:38,AM,49
3/26/2019,11:34:39,AM,48
3/26/2019,11:34:40,AM,48
3/26/2019,11:34:41,AM,48
3/26/2019,11:34:42,AM,48
3/26/2019,11:34:43,AM,49
3/26/2019,11:34:44,AM,49
3/26/2019,11:34:45,AM,49
3/26/2019,11:34:46,AM,49
3/26/2019,11:34:47,AM,49
3/26/2019,11:34:48,AM,49
3/26/2019,11:34:49,AM,49
3/26/2019,11:34:50,AM,49
3/26/2019,11:34:51,AM,49
3/26/2019,11:34:52,AM,49
3/26/2019,11:34:53,AM,49
3/26/2019,11:34:54,AM,49
3/26/2019,11:34:55,AM,49
3/26/2019,11:34:56,AM,49
3/26/2019,11:34:57,AM,49
3/26/2019,11:34:58,AM,50
3/26/2019,11:34:59,AM,50
3/26/2019,11:35:00,AM,49
3/26/2019,11:35:01,AM,49
3/26/2019,11:35:02,AM,49
3/26/2019,11:35:03,AM,49
3/26/2019,11:35:04,AM,49
3/26/2019,11:35:05,AM,49
3/26/2019,11:35:06,AM,49
3/26/2019,11:35:08,AM,49
3/26/2019,11:35:09,AM,50
3/26/2019,11:35:10,AM,51
3/26/2019,11:35:11,AM,52
3/26/2019,11:35:12,AM,52
3/26/2019,11:35:13,AM,53
3/26/2019,11:35:14,AM,53
3/26/2019,11:35:15,AM,54
3/26/2019,11:35:16,AM,54
3/26/2019,11:35:17,AM,54
3/26/2019,11:35:18,AM,53
3/26/2019,11:35:19,AM,53
3/26/2019,11:35:20,AM,53
3/26/2019,11:35:21,AM,53
3/26/2019,11:35:22,AM,52
3/26/2019,11:35:23,AM,52
3/26/2019,11:35:24,AM,52
3/26/2019,11:35:25,AM,52
3/26/2019,11:35:26,AM,52
3/26/2019,11:35:27,AM,52
3/26/2019,11:35:28,AM,52
3/26/2019,11:35:29,AM,52
3/26/2019,11:35:30,AM,51
3/26/2019,11:35:31,AM,51
3/26/2019,11:35:32,AM,51
3/26/2019,11:35:33,AM,51
3/26/2019,11:35:34,AM,50
3/26/2019,11:35:35,AM,50
3/26/2019,11:35:36,AM,49
3/26/2019,11:35:37,AM,49
3/26/2019,11:35:38,AM,48
3/26/2019,11:35:39,AM,48
3/26/2019,11:35:40,AM,48
3/26/2019,11:35:41,AM,48
3/26/2019,11:35:42,AM,48
3/26/2019,11:35:43,AM,48
3/26/2019,11:35:44,AM,48
3/26/2019,11:35:45,AM,47
3/26/2019,11:35:46,AM,48
3/26/2019,11:35:47,AM,48
3/26/2019,11:35:48,AM,48
3/26/2019,11:35:49,AM,48
3/26/2019,11:35:50,AM,48
3/26/2019,11:35:51,AM,49
3/26/2019,11:35:52,AM,50
3/26/2019,11:35:53,AM,50
3/26/2019,11:35:54,AM,50
3/26/2019,11:35:55,AM,49
3/26/2019,11:35:56,AM,49
3/26/2019,11:35:57,AM,49
3/26/2019,11:35:58,AM,49
3/26/2019,11:35:59,AM,49
3/26/2019,11:36:00,AM,49
3/26/2019,11:36:01,AM,49
3/26/2019,11:36:02,AM,49
3/26/2019,11:36:03,AM,49
3/26/2019,11:36:04,AM,49
3/26/2019,11:36:05,AM,49
3/26/2019,11:36:06,AM,49
3/26/2019,11:36:07,AM,49
3/26/2019,11:36:08,AM,49
3/26/2019,11:36:09,AM,49
3/26/2019,11:36:10,AM,49
3/26/2019,11:36:11,AM,49
3/26/2019,11:36:12,AM,49
3/26/2019,11:36:13,AM,49
3/26/2019,11:36:14,AM,49
3/26/2019,11:36:15,AM,49
3/26/2019,11:36:16,AM,49
3/26/2019,11:36:17,AM,48
3/26/2019,11:36:18,AM,48
3/26/2019,11:36:19,AM,48
3/26/2019,11:36:20,AM,48
3/26/2019,11:36:21,AM,48
3/26/2019,11:36:22,AM,48
3/26/2019,11:36:23,AM,48
3/26/2019,11:36:24,AM,48
3/26/2019,11:36:25,AM,48
3/26/2019,11:36:26,AM,48
3/26/2019,11:36:27,AM,48
3/26/2019,11:36:28,AM,48
3/26/2019,11:36:30,AM,47
3/26/2019,11:36:32,AM,47
3/26/2019,11:36:33,AM,47
3/26/2019,11:36:34,AM,47
3/26/2019,11:36:35,AM,47
3/26/2019,11:36:36,AM,47
3/26/2019,11:36:37,AM,47
3/26/2019,11:36:38,AM,47
3/26/2019,11:36:39,AM,47
3/26/2019,11:36:40,AM,47
3/26/2019,11:36:41,AM,47
3/26/2019,11:36:42,AM,47
3/26/2019,11:36:43,AM,47
3/26/2019,11:36:44,AM,47
3/26/2019,11:36:45,AM,47
3/26/2019,11:36:46,AM,47
3/26/2019,11:36:47,AM,47
3/26/2019,11:36:48,AM,47
3/26/2019,11:36:49,AM,47
3/26/2019,11:36:50,AM,47
3/26/2019,11:36:51,AM,47
3/26/2019,11:36:52,AM,47
3/26/2019,11:36:53,AM,47
3/26/2019,11:36:54,AM,47
3/26/2019,11:36:55,AM,47
3/26/2019,11:36:56,AM,46
3/26/2019,11:36:57,AM,46
3/26/2019,11:36:58,AM,46
3/26/2019,11:36:59,AM,46
3/26/2019,11:37:00,AM,46
3/26/2019,11:37:01,AM,46
3/26/2019,11:37:02,AM,46
3/26/2019,11:37:03,AM,46
3/26/2019,11:37:04,AM,46
3/26/2019,11:37:05,AM,46
3/26/2019,11:37:06,AM,46
3/26/2019,11:37:07,AM,46
3/26/2019,11:37:08,AM,46
3/26/2019,11:37:09,AM,46
3/26/2019,11:37:10,AM,46
3/26/2019,11:37:11,AM,46
3/26/2019,11:37:12,AM,46
3/26/2019,11:37:13,AM,46
3/26/2019,11:37:14,AM,46
3/26/2019,11:37:15,AM,46
3/26/2019,11:37:16,AM,46
3/26/2019,11:37:17,AM,46
3/26/2019,11:37:18,AM,46
3/26/2019,11:37:19,AM,46
3/26/2019,11:37:20,AM,46
3/26/2019,11:37:21,AM,46
3/26/2019,11:37:22,AM,46
3/26/2019,11:37:23,AM,47
3/26/2019,11:37:24,AM,47
3/26/2019,11:37:25,AM,46
3/26/2019,11:37:26,AM,46
3/26/2019,11:37:27,AM,46
3/26/2019,11:37:28,AM,46
3/26/2019,11:37:29,AM,46
3/26/2019,11:37:30,AM,46
3/26/2019,11:37:31,AM,46
3/26/2019,11:37:32,AM,46
3/26/2019,11:37:33,AM,46
3/26/2019,11:37:34,AM,46
3/26/2019,11:37:35,AM,46
3/26/2019,11:37:36,AM,46
3/26/2019,11:37:37,AM,46
3/26/2019,11:37:38,AM,46
3/26/2019,11:37:39,AM,46
3/26/2019,11:37:40,AM,46
3/26/2019,11:37:41,AM,46
3/26/2019,11:37:42,AM,46
3/26/2019,11:37:43,AM,46
3/26/2019,11:37:44,AM,45
3/26/2019,11:37:45,AM,45
3/26/2019,11:37:47,AM,45
3/26/2019,11:37:48,AM,45
3/26/2019,11:37:49,AM,45
3/26/2019,11:37:50,AM,45
3/26/2019,11:37:51,AM,45
3/26/2019,11:37:52,AM,45
3/26/2019,11:37:53,AM,45
3/26/2019,11:37:54,AM,45
3/26/2019,11:37:55,AM,45
3/26/2019,11:37:56,AM,45
3/26/2019,11:37:57,AM,45
3/26/2019,11:37:58,AM,45
3/26/2019,11:37:59,AM,45
3/26/2019,11:38:00,AM,45
3/26/2019,11:38:01,AM,44
3/26/2019,11:38:02,AM,44
3/26/2019,11:38:03,AM,44
3/26/2019,11:38:04,AM,44
3/26/2019,11:38:05,AM,44
3/26/2019,11:38:06,AM,44
3/26/2019,11:38:07,AM,44
3/26/2019,11:38:08,AM,44
3/26/2019,11:38:09,AM,44
3/26/2019,11:38:10,AM,44
3/26/2019,11:38:11,AM,44
3/26/2019,11:38:12,AM,44
3/26/2019,11:38:13,AM,44
3/26/2019,11:38:14,AM,44
3/26/2019,11:38:15,AM,44
3/26/2019,11:38:16,AM,44
3/26/2019,11:38:17,AM,44
3/26/2019,11:38:18,AM,44
3/26/2019,11:38:19,AM,44
3/26/2019,11:38:20,AM,44
3/26/2019,11:38:21,AM,44
3/26/2019,11:38:22,AM,44
3/26/2019,11:38:23,AM,44
3/26/2019,11:38:24,AM,44
3/26/2019,11:38:25,AM,44
3/26/2019,11:38:26,AM,44
3/26/2019,11:38:27,AM,44
3/26/2019,11:38:28,AM,44
3/26/2019,11:38:29,AM,44
3/26/2019,11:38:30,AM,43
3/26/2019,11:38:31,AM,43
3/26/2019,11:38:32,AM,43
3/26/2019,11:38:33,AM,44
3/26/2019,11:38:34,AM,44
3/26/2019,11:38:35,AM,44
3/26/2019,11:38:36,AM,44
3/26/2019,11:38:37,AM,44
3/26/2019,11:38:38,AM,44
3/26/2019,11:38:39,AM,44
3/26/2019,11:38:40,AM,44
3/26/2019,11:38:41,AM,45
3/26/2019,11:38:42,AM,45
3/26/2019,11:38:43,AM,45
3/26/2019,11:38:44,AM,45
3/26/2019,11:38:45,AM,46
3/26/2019,11:38:46,AM,46
3/26/2019,11:38:47,AM,47
3/26/2019,11:38:48,AM,47
3/26/2019,11:38:49,AM,47
3/26/2019,11:38:50,AM,46
3/26/2019,11:38:51,AM,45
3/26/2019,11:38:52,AM,44
3/26/2019,11:38:53,AM,44
3/26/2019,11:38:54,AM,44
3/26/2019,11:38:55,AM,43
3/26/2019,11:38:56,AM,43
3/26/2019,11:38:57,AM,43
3/26/2019,11:38:58,AM,43
3/26/2019,11:38:59,AM,43
3/26/2019,11:39:00,AM,43
3/26/2019,11:39:01,AM,42
3/26/2019,11:39:02,AM,43
3/26/2019,11:39:03,AM,42
3/26/2019,11:39:04,AM,42
3/26/2019,11:39:05,AM,42
3/26/2019,11:39:07,AM,42
3/26/2019,11:39:08,AM,42
3/26/2019,11:39:10,AM,43
3/26/2019,11:39:11,AM,43
3/26/2019,11:39:12,AM,43
3/26/2019,11:39:13,AM,43
3/26/2019,11:39:14,AM,43
3/26/2019,11:39:15,AM,43
3/26/2019,11:39:16,AM,43
3/26/2019,11:39:17,AM,43
3/26/2019,11:39:18,AM,43
3/26/2019,11:39:19,AM,43
3/26/2019,11:39:20,AM,43
3/26/2019,11:39:21,AM,43
3/26/2019,11:39:22,AM,43
3/26/2019,11:39:23,AM,44
3/26/2019,11:39:24,AM,44
3/26/2019,11:39:25,AM,44
3/26/2019,11:39:26,AM,43
3/26/2019,11:39:27,AM,43
3/26/2019,11:39:28,AM,43
3/26/2019,11:39:29,AM,42
3/26/2019,11:39:30,AM,42
3/26/2019,11:39:31,AM,41
3/26/2019,11:39:32,AM,41
3/26/2019,11:39:33,AM,41
3/26/2019,11:39:34,AM,41
3/26/2019,11:39:35,AM,41
3/26/2019,11:39:36,AM,41
3/26/2019,11:39:37,AM,41
3/26/2019,11:39:38,AM,41
3/26/2019,11:39:39,AM,41
3/26/2019,11:39:40,AM,40
3/26/2019,11:39:41,AM,40
3/26/2019,11:39:42,AM,40
3/26/2019,11:39:43,AM,40
3/26/2019,11:39:44,AM,40
3/26/2019,11:39:45,AM,41
3/26/2019,11:39:46,AM,41
3/26/2019,11:39:47,AM,41
3/26/2019,11:39:48,AM,42
3/26/2019,11:39:49,AM,42
3/26/2019,11:39:50,AM,43
3/26/2019,11:39:51,AM,43
3/26/2019,11:39:52,AM,44
3/26/2019,11:39:54,AM,45
3/26/2019,11:39:55,AM,46
3/26/2019,11:39:57,AM,46
3/26/2019,11:39:58,AM,46
3/26/2019,11:39:59,AM,46
3/26/2019,11:40:00,AM,46
3/26/2019,11:40:01,AM,45
3/26/2019,11:40:02,AM,45
3/26/2019,11:40:03,AM,45
3/26/2019,11:40:04,AM,45
3/26/2019,11:40:05,AM,46
3/26/2019,11:40:06,AM,46
3/26/2019,11:40:07,AM,46
3/26/2019,11:40:08,AM,46
3/26/2019,11:40:09,AM,46
3/26/2019,11:40:10,AM,46
3/26/2019,11:40:11,AM,46
3/26/2019,11:40:12,AM,46
3/26/2019,11:40:13,AM,46
3/26/2019,11:40:14,AM,46
3/26/2019,11:40:15,AM,46
3/26/2019,11:40:16,AM,46
3/26/2019,11:40:17,AM,46
3/26/2019,11:40:18,AM,46
3/26/2019,11:40:19,AM,46
3/26/2019,11:40:20,AM,46
3/26/2019,11:40:21,AM,46
3/26/2019,11:40:22,AM,46
3/26/2019,11:40:23,AM,46
3/26/2019,11:40:24,AM,46
3/26/2019,11:40:25,AM,46
3/26/2019,11:40:26,AM,46
3/26/2019,11:40:27,AM,46
3/26/2019,11:40:28,AM,47
3/26/2019,11:40:29,AM,47
3/26/2019,11:40:30,AM,47
3/26/2019,11:40:31,AM,47
3/26/2019,11:40:32,AM,47
3/26/2019,11:40:33,AM,47
3/26/2019,11:40:34,AM,47
3/26/2019,11:40:35,AM,47
3/26/2019,11:40:36,AM,47
3/26/2019,11:40:37,AM,47
3/26/2019,11:40:38,AM,47
3/26/2019,11:40:39,AM,48
3/26/2019,11:40:40,AM,48
3/26/2019,11:40:41,AM,48
3/26/2019,11:40:42,AM,48
3/26/2019,11:40:43,AM,48
3/26/2019,11:40:44,AM,48
3/26/2019,11:40:45,AM,49
3/26/2019,11:40:46,AM,49
3/26/2019,11:40:47,AM,48
3/26/2019,11:40:48,AM,48
3/26/2019,11:40:49,AM,48
3/26/2019,11:40:50,AM,48
3/26/2019,11:40:51,AM,48
3/26/2019,11:40:52,AM,48
3/26/2019,11:40:53,AM,48
3/26/2019,11:40:54,AM,48
3/26/2019,11:40:55,AM,49
3/26/2019,11:40:56,AM,49
3/26/2019,11:40:57,AM,48
3/26/2019,11:40:58,AM,48
3/26/2019,11:40:59,AM,48
3/26/2019,11:41:01,AM,48
3/26/2019,11:41:03,AM,48
3/26/2019,11:41:04,AM,48
3/26/2019,11:41:05,AM,48
3/26/2019,11:41:06,AM,48
3/26/2019,11:41:07,AM,48
3/26/2019,11:41:08,AM,48
3/26/2019,11:41:09,AM,48
3/26/2019,11:41:10,AM,48
3/26/2019,11:41:11,AM,48
3/26/2019,11:41:12,AM,48
3/26/2019,11:41:13,AM,48
3/26/2019,11:41:14,AM,48
3/26/2019,11:41:15,AM,48
3/26/2019,11:41:16,AM,48
3/26/2019,11:41:17,AM,48
3/26/2019,11:41:18,AM,48
3/26/2019,11:41:19,AM,48
3/26/2019,11:41:20,AM,48
3/26/2019,11:41:21,AM,48
3/26/2019,11:41:22,AM,48
3/26/2019,11:41:23,AM,48
3/26/2019,11:41:24,AM,48
3/26/2019,11:41:25,AM,48
3/26/2019,11:41:26,AM,48
3/26/2019,11:41:27,AM,48
3/26/2019,11:41:28,AM,48
3/26/2019,11:41:29,AM,48
3/26/2019,11:41:30,AM,48
3/26/2019,11:41:31,AM,48
3/26/2019,11:41:32,AM,49
3/26/2019,11:41:33,AM,49
3/26/2019,11:41:34,AM,49
3/26/2019,11:41:35,AM,49
3/26/2019,11:41:36,AM,50
3/26/2019,11:41:37,AM,50
3/26/2019,11:41:38,AM,50
3/26/2019,11:41:39,AM,51
3/26/2019,11:41:40,AM,51
3/26/2019,11:41:41,AM,51
3/26/2019,11:41:42,AM,51
3/26/2019,11:41:43,AM,52
3/26/2019,11:41:44,AM,52
3/26/2019,11:41:45,AM,52
3/26/2019,11:41:46,AM,52
3/26/2019,11:41:47,AM,52
3/26/2019,11:41:48,AM,52
3/26/2019,11:41:49,AM,52
3/26/2019,11:41:50,AM,52
3/26/2019,11:41:51,AM,52
3/26/2019,11:41:52,AM,52
3/26/2019,11:41:53,AM,52
3/26/2019,11:41:54,AM,53
3/26/2019,11:41:55,AM,52
3/26/2019,11:41:56,AM,52
3/26/2019,11:41:57,AM,52
3/26/2019,11:41:58,AM,52
3/26/2019,11:41:59,AM,52
3/26/2019,11:42:00,AM,52
3/26/2019,11:42:01,AM,52
3/26/2019,11:42:02,AM,52
3/26/2019,11:42:03,AM,52
3/26/2019,11:42:04,AM,53
3/26/2019,11:42:05,AM,53
3/26/2019,11:42:06,AM,52
3/26/2019,11:42:07,AM,52
3/26/2019,11:42:08,AM,53
3/26/2019,11:42:09,AM,53
3/26/2019,11:42:10,AM,53
3/26/2019,11:42:11,AM,54
3/26/2019,11:42:13,AM,53
3/26/2019,11:42:14,AM,53
3/26/2019,11:42:15,AM,53
3/26/2019,11:42:16,AM,52
3/26/2019,11:42:17,AM,52
3/26/2019,11:42:18,AM,51
3/26/2019,11:42:19,AM,50
3/26/2019,11:42:20,AM,50
3/26/2019,11:42:21,AM,50
3/26/2019,11:42:22,AM,49
3/26/2019,11:42:23,AM,49
3/26/2019,11:42:24,AM,49
3/26/2019,11:42:25,AM,49
3/26/2019,11:42:26,AM,49
3/26/2019,11:42:27,AM,49
3/26/2019,11:42:28,AM,48
3/26/2019,11:42:29,AM,48
3/26/2019,11:42:30,AM,48
3/26/2019,11:42:31,AM,48
3/26/2019,11:42:32,AM,48
3/26/2019,11:42:33,AM,48
3/26/2019,11:42:34,AM,48
3/26/2019,11:42:35,AM,48
3/26/2019,11:42:36,AM,48
3/26/2019,11:42:37,AM,48
3/26/2019,11:42:38,AM,48
3/26/2019,11:42:39,AM,48
3/26/2019,11:42:40,AM,48
3/26/2019,11:42:41,AM,48
3/26/2019,11:42:42,AM,48
3/26/2019,11:42:43,AM,48
3/26/2019,11:42:44,AM,48
3/26/2019,11:42:45,AM,48
3/26/2019,11:42:46,AM,48
3/26/2019,11:42:47,AM,49
3/26/2019,11:42:48,AM,49
3/26/2019,11:42:49,AM,49
3/26/2019,11:42:50,AM,50
3/26/2019,11:42:51,AM,50
3/26/2019,11:42:52,AM,50
3/26/2019,11:42:53,AM,50
3/26/2019,11:42:54,AM,50
3/26/2019,11:42:55,AM,50
3/26/2019,11:42:56,AM,50
3/26/2019,11:42:57,AM,50
3/26/2019,11:42:58,AM,50
3/26/2019,11:42:59,AM,51
3/26/2019,11:43:00,AM,51
3/26/2019,11:43:01,AM,52
3/26/2019,11:43:02,AM,53
3/26/2019,11:43:03,AM,53
3/26/2019,11:43:04,AM,53
3/26/2019,11:43:05,AM,53
3/26/2019,11:43:06,AM,53
3/26/2019,11:43:07,AM,53
3/26/2019,11:43:08,AM,53
3/26/2019,11:43:09,AM,53
3/26/2019,11:43:10,AM,53
3/26/2019,11:43:11,AM,53
3/26/2019,11:43:12,AM,53
3/26/2019,11:43:13,AM,53
3/26/2019,11:43:14,AM,53
3/26/2019,11:43:15,AM,53
3/26/2019,11:43:16,AM,53
3/26/2019,11:43:17,AM,53
3/26/2019,11:43:18,AM,53
3/26/2019,11:43:19,AM,53
3/26/2019,11:43:20,AM,53
3/26/2019,11:43:21,AM,53
3/26/2019,11:43:22,AM,53
3/26/2019,11:43:23,AM,52
3/26/2019,11:43:24,AM,52
3/26/2019,11:43:25,AM,52
3/26/2019,11:43:26,AM,51
3/26/2019,11:43:27,AM,51
3/26/2019,11:43:28,AM,51
3/26/2019,11:43:29,AM,51
3/26/2019,11:43:30,AM,50
3/26/2019,11:43:31,AM,50
3/26/2019,11:43:32,AM,50
3/26/2019,11:43:33,AM,50
3/26/2019,11:43:34,AM,50
3/26/2019,11:43:36,AM,50
3/26/2019,11:43:37,AM,51
3/26/2019,11:43:38,AM,51
3/26/2019,11:43:39,AM,52
3/26/2019,11:43:40,AM,52
3/26/2019,11:43:41,AM,52
3/26/2019,11:43:42,AM,52
3/26/2019,11:43:43,AM,52
3/26/2019,11:43:44,AM,53
3/26/2019,11:43:45,AM,53
3/26/2019,11:43:46,AM,53
3/26/2019,11:43:47,AM,53
3/26/2019,11:43:48,AM,53
3/26/2019,11:43:49,AM,53
3/26/2019,11:43:50,AM,53
3/26/2019,11:43:51,AM,53
3/26/2019,11:43:52,AM,53
3/26/2019,11:43:53,AM,54
3/26/2019,11:43:54,AM,54
3/26/2019,11:43:55,AM,54
3/26/2019,11:43:56,AM,54
3/26/2019,11:43:57,AM,54
3/26/2019,11:43:58,AM,54
3/26/2019,11:43:59,AM,54
3/26/2019,11:44:00,AM,54
3/26/2019,11:44:01,AM,54
3/26/2019,11:44:02,AM,54
3/26/2019,11:44:03,AM,54
3/26/2019,11:44:04,AM,54
3/26/2019,11:44:05,AM,53
3/26/2019,11:44:06,AM,53
3/26/2019,11:44:07,AM,53
3/26/2019,11:44:08,AM,54
3/26/2019,11:44:09,AM,54
3/26/2019,11:44:10,AM,54
3/26/2019,11:44:11,AM,54
3/26/2019,11:44:12,AM,54
3/26/2019,11:44:13,AM,54
3/26/2019,11:44:14,AM,54
3/26/2019,11:44:15,AM,55
3/26/2019,11:44:16,AM,54
3/26/2019,11:44:17,AM,54
3/26/2019,11:44:18,AM,56
3/26/2019,11:44:19,AM,57
3/26/2019,11:44:20,AM,58
3/26/2019,11:44:21,AM,59
3/26/2019,11:44:22,AM,60
3/26/2019,11:44:23,AM,61
3/26/2019,11:44:24,AM,62
3/26/2019,11:44:25,AM,63
3/26/2019,11:44:26,AM,64
3/26/2019,11:44:27,AM,65
3/26/2019,11:44:28,AM,66
3/26/2019,11:44:29,AM,66
3/26/2019,11:44:30,AM,66
3/26/2019,11:44:31,AM,67
3/26/2019,11:44:32,AM,67
3/26/2019,11:44:33,AM,68
3/26/2019,11:44:34,AM,68
3/26/2019,11:44:35,AM,68
3/26/2019,11:44:36,AM,68
3/26/2019,11:44:37,AM,69
3/26/2019,11:44:38,AM,69
3/26/2019,11:44:39,AM,69
3/26/2019,11:44:40,AM,69
3/26/2019,11:44:41,AM,70
3/26/2019,11:44:42,AM,70
3/26/2019,11:44:43,AM,70
3/26/2019,11:44:44,AM,70
3/26/2019,11:44:45,AM,70
3/26/2019,11:44:46,AM,70
3/26/2019,11:44:47,AM,70
3/26/2019,11:44:48,AM,70
3/26/2019,11:44:49,AM,70
3/26/2019,11:44:50,AM,70
3/26/2019,11:44:51,AM,70
3/26/2019,11:44:52,AM,70
3/26/2019,11:44:53,AM,70
3/26/2019,11:44:54,AM,70
3/26/2019,11:44:55,AM,70
3/26/2019,11:44:56,AM,70
3/26/2019,11:44:57,AM,70
3/26/2019,11:44:58,AM,70
3/26/2019,11:44:59,AM,70
3/26/2019,11:45:01,AM,70
3/26/2019,11:45:02,AM,70
3/26/2019,11:45:03,AM,70
3/26/2019,11:45:04,AM,70
3/26/2019,11:45:05,AM,70
3/26/2019,11:45:06,AM,70
3/26/2019,11:45:07,AM,70
3/26/2019,11:45:08,AM,70
3/26/2019,11:45:09,AM,70
3/26/2019,11:45:10,AM,70
3/26/2019,11:45:11,AM,70
3/26/2019,11:45:12,AM,70
3/26/2019,11:45:13,AM,70
3/26/2019,11:45:14,AM,70
3/26/2019,11:45:15,AM,70
3/26/2019,11:45:16,AM,70
3/26/2019,11:45:17,AM,70
3/26/2019,11:45:18,AM,70
3/26/2019,11:45:19,AM,70
3/26/2019,11:45:20,AM,69
3/26/2019,11:45:21,AM,69
3/26/2019,11:45:22,AM,69
3/26/2019,11:45:23,AM,68
3/26/2019,11:45:24,AM,68
3/26/2019,11:45:25,AM,68
3/26/2019,11:45:26,AM,68
3/26/2019,11:45:27,AM,68
3/26/2019,11:45:28,AM,68
3/26/2019,11:45:29,AM,67
3/26/2019,11:45:30,AM,67
3/26/2019,11:45:31,AM,67
3/26/2019,11:45:32,AM,67
3/26/2019,11:45:33,AM,67
3/26/2019,11:45:34,AM,67
3/26/2019,11:45:35,AM,67
3/26/2019,11:45:36,AM,67
3/26/2019,11:45:37,AM,67
3/26/2019,11:45:38,AM,67
3/26/2019,11:45:39,AM,67
3/26/2019,11:45:40,AM,67
3/26/2019,11:45:41,AM,67
3/26/2019,11:45:42,AM,67
3/26/2019,11:45:43,AM,67
3/26/2019,11:45:44,AM,67
3/26/2019,11:45:45,AM,67
3/26/2019,11:45:46,AM,67
3/26/2019,11:45:47,AM,67
3/26/2019,11:45:48,AM,67
3/26/2019,11:45:49,AM,67
3/26/2019,11:45:50,AM,67
3/26/2019,11:45:51,AM,67
3/26/2019,11:45:52,AM,67
3/26/2019,11:45:53,AM,67
3/26/2019,11:45:54,AM,66
3/26/2019,11:45:55,AM,66
3/26/2019,11:45:56,AM,65
3/26/2019,11:45:57,AM,65
3/26/2019,11:45:58,AM,65
3/26/2019,11:45:59,AM,65
3/26/2019,11:46:00,AM,66
3/26/2019,11:46:01,AM,66
3/26/2019,11:46:02,AM,66
3/26/2019,11:46:03,AM,66
3/26/2019,11:46:04,AM,66
3/26/2019,11:46:05,AM,66
3/26/2019,11:46:06,AM,66
3/26/2019,11:46:07,AM,66
3/26/2019,11:46:08,AM,66
3/26/2019,11:46:09,AM,66
3/26/2019,11:46:10,AM,66
3/26/2019,11:46:11,AM,66
3/26/2019,11:46:12,AM,66
3/26/2019,11:46:13,AM,66
3/26/2019,11:46:15,AM,66
3/26/2019,11:46:16,AM,66
3/26/2019,11:46:17,AM,66
3/26/2019,11:46:18,AM,66
3/26/2019,11:46:19,AM,66
3/26/2019,11:46:20,AM,66
3/26/2019,11:46:21,AM,66
3/26/2019,11:46:22,AM,67
3/26/2019,11:46:23,AM,67
3/26/2019,11:46:24,AM,67
3/26/2019,11:46:25,AM,67
3/26/2019,11:46:26,AM,67
3/26/2019,11:46:27,AM,68
3/26/2019,11:46:28,AM,68
3/26/2019,11:46:29,AM,68
3/26/2019,11:46:30,AM,68
3/26/2019,11:46:31,AM,68
3/26/2019,11:46:32,AM,68
3/26/2019,11:46:33,AM,68
3/26/2019,11:46:34,AM,68
3/26/2019,11:46:35,AM,68
3/26/2019,11:46:36,AM,68
3/26/2019,11:46:37,AM,68
3/26/2019,11:46:38,AM,68
3/26/2019,11:46:39,AM,68
3/26/2019,11:46:40,AM,68
3/26/2019,11:46:41,AM,68
3/26/2019,11:46:42,AM,68
3/26/2019,11:46:43,AM,67
3/26/2019,11:46:44,AM,66
3/26/2019,11:46:45,AM,67
3/26/2019,11:46:46,AM,67
3/26/2019,11:46:47,AM,67
3/26/2019,11:46:48,AM,67
3/26/2019,11:46:49,AM,67
3/26/2019,11:46:50,AM,67
3/26/2019,11:46:51,AM,67
3/26/2019,11:46:52,AM,67
3/26/2019,11:46:53,AM,67
3/26/2019,11:46:54,AM,67
3/26/2019,11:46:55,AM,67
3/26/2019,11:46:56,AM,68
3/26/2019,11:46:57,AM,68
3/26/2019,11:46:58,AM,69
3/26/2019,11:46:59,AM,70
3/26/2019,11:47:00,AM,71
3/26/2019,11:47:01,AM,72
3/26/2019,11:47:02,AM,73
3/26/2019,11:47:03,AM,73
3/26/2019,11:47:04,AM,73
3/26/2019,11:47:05,AM,73
3/26/2019,11:47:06,AM,73
3/26/2019,11:47:07,AM,73
3/26/2019,11:47:08,AM,73
3/26/2019,11:47:09,AM,73
3/26/2019,11:47:10,AM,73
3/26/2019,11:47:11,AM,73
3/26/2019,11:47:12,AM,74
3/26/2019,11:47:13,AM,74
3/26/2019,11:47:14,AM,75
3/26/2019,11:47:15,AM,76
3/26/2019,11:47:16,AM,76
3/26/2019,11:47:17,AM,76
3/26/2019,11:47:18,AM,76
3/26/2019,11:47:19,AM,76
3/26/2019,11:47:20,AM,76
3/26/2019,11:47:21,AM,76
3/26/2019,11:47:22,AM,76
3/26/2019,11:47:23,AM,76
3/26/2019,11:47:24,AM,76
3/26/2019,11:47:25,AM,77
3/26/2019,11:47:26,AM,77
3/26/2019,11:47:27,AM,77
3/26/2019,11:47:28,AM,77
3/26/2019,11:47:30,AM,77
3/26/2019,11:47:31,AM,77
3/26/2019,11:47:32,AM,77
3/26/2019,11:47:33,AM,77
3/26/2019,11:47:34,AM,77
3/26/2019,11:47:35,AM,77
3/26/2019,11:47:36,AM,77
3/26/2019,11:47:37,AM,77
3/26/2019,11:47:38,AM,78
3/26/2019,11:47:39,AM,78
3/26/2019,11:47:40,AM,79
3/26/2019,11:47:41,AM,79
3/26/2019,11:47:42,AM,80
3/26/2019,11:47:43,AM,80
3/26/2019,11:47:44,AM,79
3/26/2019,11:47:45,AM,79
3/26/2019,11:47:46,AM,79
3/26/2019,11:47:47,AM,79
3/26/2019,11:47:48,AM,79
3/26/2019,11:47:49,AM,79
3/26/2019,11:47:50,AM,79
3/26/2019,11:47:51,AM,78
3/26/2019,11:47:52,AM,78
3/26/2019,11:47:53,AM,78
3/26/2019,11:47:54,AM,77
3/26/2019,11:47:55,AM,75
3/26/2019,11:47:56,AM,74
3/26/2019,11:47:57,AM,73
3/26/2019,11:47:58,AM,70
3/26/2019,11:47:59,AM,70
3/26/2019,11:48:00,AM,69
3/26/2019,11:48:01,AM,67
3/26/2019,11:48:02,AM,66
3/26/2019,11:48:03,AM,66
3/26/2019,11:48:04,AM,65
3/26/2019,11:48:05,AM,63
3/26/2019,11:48:06,AM,63
3/26/2019,11:48:07,AM,63
3/26/2019,11:48:08,AM,62
3/26/2019,11:48:09,AM,62
3/26/2019,11:48:10,AM,62
3/26/2019,11:48:11,AM,62
3/26/2019,11:48:12,AM,61
3/26/2019,11:48:13,AM,61
3/26/2019,11:48:14,AM,61
3/26/2019,11:48:15,AM,61
3/26/2019,11:48:16,AM,61
3/26/2019,11:48:17,AM,61
3/26/2019,11:48:18,AM,61
3/26/2019,11:48:19,AM,61
3/26/2019,11:48:20,AM,61
3/26/2019,11:48:21,AM,61
3/26/2019,11:48:22,AM,62
3/26/2019,11:48:23,AM,62
3/26/2019,11:48:24,AM,62
3/26/2019,11:48:25,AM,63
3/26/2019,11:48:26,AM,63
3/26/2019,11:48:27,AM,63
3/26/2019,11:48:28,AM,63
3/26/2019,11:48:29,AM,63
3/26/2019,11:48:30,AM,64
3/26/2019,11:48:31,AM,64
3/26/2019,11:48:32,AM,65
3/26/2019,11:48:33,AM,65
3/26/2019,11:48:34,AM,66
3/26/2019,11:48:35,AM,66
3/26/2019,11:48:36,AM,66
3/26/2019,11:48:37,AM,66
3/26/2019,11:48:38,AM,67
3/26/2019,11:48:39,AM,67
3/26/2019,11:48:40,AM,67
3/26/2019,11:48:41,AM,67
3/26/2019,11:48:42,AM,67
3/26/2019,11:48:43,AM,67
3/26/2019,11:48:44,AM,67
3/26/2019,11:48:45,AM,67
3/26/2019,11:48:46,AM,67
3/26/2019,11:48:47,AM,67
3/26/2019,11:48:48,AM,67
3/26/2019,11:48:49,AM,67
3/26/2019,11:48:51,AM,67
3/26/2019,11:48:52,AM,67
3/26/2019,11:48:53,AM,67
3/26/2019,11:48:54,AM,67
3/26/2019,11:48:55,AM,67
3/26/2019,11:48:56,AM,67
3/26/2019,11:48:57,AM,68
3/26/2019,11:48:58,AM,68
3/26/2019,11:48:59,AM,68
3/26/2019,11:49:00,AM,69
3/26/2019,11:49:01,AM,69
3/26/2019,11:49:02,AM,70
3/26/2019,11:49:03,AM,70
3/26/2019,11:49:04,AM,70
3/26/2019,11:49:05,AM,70
3/26/2019,11:49:06,AM,70
3/26/2019,11:49:07,AM,70
3/26/2019,11:49:08,AM,71
3/26/2019,11:49:09,AM,71
3/26/2019,11:49:10,AM,71
3/26/2019,11:49:11,AM,72
3/26/2019,11:49:12,AM,72
3/26/2019,11:49:13,AM,72
3/26/2019,11:49:14,AM,72
3/26/2019,11:49:15,AM,72
3/26/2019,11:49:16,AM,72
3/26/2019,11:49:17,AM,72
3/26/2019,11:49:18,AM,72
3/26/2019,11:49:19,AM,72
3/26/2019,11:49:20,AM,71
3/26/2019,11:49:21,AM,71
3/26/2019,11:49:22,AM,71
3/26/2019,11:49:23,AM,71
3/26/2019,11:49:24,AM,71
3/26/2019,11:49:25,AM,71
3/26/2019,11:49:26,AM,71
3/26/2019,11:49:27,AM,71
3/26/2019,11:49:28,AM,71
3/26/2019,11:49:29,AM,71
3/26/2019,11:49:30,AM,71
3/26/2019,11:49:31,AM,72
3/26/2019,11:49:32,AM,72
3/26/2019,11:49:33,AM,72
3/26/2019,11:49:34,AM,72
3/26/2019,11:49:35,AM,72
3/26/2019,11:49:36,AM,72
3/26/2019,11:49:37,AM,72
3/26/2019,11:49:38,AM,72
3/26/2019,11:49:39,AM,73
3/26/2019,11:49:40,AM,73
3/26/2019,11:49:41,AM,73
3/26/2019,11:49:42,AM,74
3/26/2019,11:49:43,AM,74
3/26/2019,11:49:44,AM,74
3/26/2019,11:49:45,AM,74
3/26/2019,11:49:46,AM,74
3/26/2019,11:49:47,AM,75
3/26/2019,11:49:48,AM,75
3/26/2019,11:49:49,AM,75
3/26/2019,11:49:50,AM,76
3/26/2019,11:49:51,AM,76
3/26/2019,11:49:52,AM,76
3/26/2019,11:49:53,AM,76
3/26/2019,11:49:54,AM,76
3/26/2019,11:49:55,AM,75
3/26/2019,11:49:56,AM,75
3/26/2019,11:49:57,AM,75
3/26/2019,11:49:58,AM,75
3/26/2019,11:49:59,AM,75
3/26/2019,11:50:00,AM,75
3/26/2019,11:50:01,AM,75
3/26/2019,11:50:02,AM,75
3/26/2019,11:50:03,AM,75
3/26/2019,11:50:04,AM,75
3/26/2019,11:50:05,AM,74
3/26/2019,11:50:06,AM,74
3/26/2019,11:50:07,AM,74
3/26/2019,11:50:08,AM,75
3/26/2019,11:50:09,AM,75
3/26/2019,11:50:10,AM,75
3/26/2019,11:50:11,AM,75
3/26/2019,11:50:13,AM,75
3/26/2019,11:50:14,AM,76
3/26/2019,11:50:15,AM,76
3/26/2019,11:50:16,AM,77
3/26/2019,11:50:17,AM,77
3/26/2019,11:50:18,AM,78
3/26/2019,11:50:19,AM,78
3/26/2019,11:50:20,AM,79
3/26/2019,11:50:21,AM,79
3/26/2019,11:50:22,AM,80
3/26/2019,11:50:23,AM,81
3/26/2019,11:50:24,AM,81
3/26/2019,11:50:25,AM,81
3/26/2019,11:50:26,AM,81
3/26/2019,11:50:27,AM,81
3/26/2019,11:50:28,AM,82
3/26/2019,11:50:29,AM,82
3/26/2019,11:50:30,AM,82
3/26/2019,11:50:31,AM,82
3/26/2019,11:50:32,AM,83
3/26/2019,11:50:33,AM,83
3/26/2019,11:50:34,AM,83
3/26/2019,11:50:35,AM,83
3/26/2019,11:50:36,AM,83
3/26/2019,11:50:37,AM,82
3/26/2019,11:50:38,AM,82
3/26/2019,11:50:39,AM,81
3/26/2019,11:50:40,AM,81
3/26/2019,11:50:41,AM,80
3/26/2019,11:50:42,AM,80
3/26/2019,11:50:43,AM,79
3/26/2019,11:50:44,AM,79
3/26/2019,11:50:45,AM,79
3/26/2019,11:50:46,AM,79
3/26/2019,11:50:47,AM,79
3/26/2019,11:50:48,AM,79
3/26/2019,11:50:49,AM,79
3/26/2019,11:50:50,AM,79
3/26/2019,11:50:51,AM,78
3/26/2019,11:50:52,AM,77
3/26/2019,11:50:53,AM,77
3/26/2019,11:50:54,AM,77
3/26/2019,11:50:55,AM,77
3/26/2019,11:50:56,AM,77
3/26/2019,11:50:57,AM,77
3/26/2019,11:50:58,AM,77
3/26/2019,11:50:59,AM,76
3/26/2019,11:51:00,AM,76
3/26/2019,11:51:01,AM,76
3/26/2019,11:51:02,AM,76
3/26/2019,11:51:03,AM,75
3/26/2019,11:51:04,AM,75
3/26/2019,11:51:05,AM,74
3/26/2019,11:51:06,AM,74
3/26/2019,11:51:07,AM,74
3/26/2019,11:51:08,AM,74
3/26/2019,11:51:09,AM,74
3/26/2019,11:51:10,AM,74
3/26/2019,11:51:11,AM,74
3/26/2019,11:51:12,AM,74
3/26/2019,11:51:13,AM,74
3/26/2019,11:51:14,AM,74
3/26/2019,11:51:15,AM,73
3/26/2019,11:51:17,AM,72
3/26/2019,11:51:18,AM,72
3/26/2019,11:51:19,AM,71
3/26/2019,11:51:20,AM,70
3/26/2019,11:51:21,AM,70
3/26/2019,11:51:22,AM,70
3/26/2019,11:51:23,AM,70
3/26/2019,11:51:24,AM,70
3/26/2019,11:51:25,AM,70
3/26/2019,11:51:26,AM,70
3/26/2019,11:51:27,AM,70
3/26/2019,11:51:28,AM,70
3/26/2019,11:51:29,AM,70
3/26/2019,11:51:30,AM,70
3/26/2019,11:51:31,AM,70
3/26/2019,11:51:32,AM,70
3/26/2019,11:51:33,AM,70
3/26/2019,11:51:34,AM,69
3/26/2019,11:51:35,AM,69
3/26/2019,11:51:36,AM,69
3/26/2019,11:51:37,AM,69
3/26/2019,11:51:38,AM,69
3/26/2019,11:51:39,AM,69
3/26/2019,11:51:40,AM,69
3/26/2019,11:51:41,AM,69
3/26/2019,11:51:42,AM,69
3/26/2019,11:51:43,AM,69
3/26/2019,11:51:44,AM,69
3/26/2019,11:51:45,AM,69
3/26/2019,11:51:46,AM,69
3/26/2019,11:51:47,AM,69
3/26/2019,11:51:48,AM,69
3/26/2019,11:51:49,AM,69
3/26/2019,11:51:50,AM,68
3/26/2019,11:51:51,AM,68
3/26/2019,11:51:52,AM,68
3/26/2019,11:51:53,AM,68
3/26/2019,11:51:54,AM,69
3/26/2019,11:51:55,AM,69
3/26/2019,11:51:56,AM,69
3/26/2019,11:51:57,AM,69
3/26/2019,11:51:58,AM,68
3/26/2019,11:51:59,AM,68
3/26/2019,11:52:00,AM,68
3/26/2019,11:52:01,AM,68
3/26/2019,11:52:02,AM,68
3/26/2019,11:52:03,AM,68
3/26/2019,11:52:04,AM,69
3/26/2019,11:52:05,AM,69
3/26/2019,11:52:06,AM,69
3/26/2019,11:52:07,AM,69
3/26/2019,11:52:08,AM,68
3/26/2019,11:52:09,AM,69
3/26/2019,11:52:10,AM,68
3/26/2019,11:52:11,AM,69
3/26/2019,11:52:12,AM,69
3/26/2019,11:52:13,AM,69
3/26/2019,11:52:14,AM,69
3/26/2019,11:52:15,AM,69
3/26/2019,11:52:16,AM,70
3/26/2019,11:52:17,AM,70
3/26/2019,11:52:18,AM,70
3/26/2019,11:52:19,AM,71
3/26/2019,11:52:20,AM,71
3/26/2019,11:52:21,AM,71
3/26/2019,11:52:22,AM,71
3/26/2019,11:52:23,AM,71
3/26/2019,11:52:24,AM,71
3/26/2019,11:52:25,AM,71
3/26/2019,11:52:26,AM,71
3/26/2019,11:52:27,AM,71
3/26/2019,11:52:28,AM,71
3/26/2019,11:52:29,AM,71
3/26/2019,11:52:30,AM,71
3/26/2019,11:52:31,AM,71
3/26/2019,11:52:32,AM,71
3/26/2019,11:52:34,AM,71
3/26/2019,11:52:35,AM,71
3/26/2019,11:52:36,AM,71
3/26/2019,11:52:37,AM,71
3/26/2019,11:52:38,AM,71
3/26/2019,11:52:39,AM,71
3/26/2019,11:52:40,AM,71
3/26/2019,11:52:41,AM,71
3/26/2019,11:52:42,AM,71
3/26/2019,11:52:43,AM,71
3/26/2019,11:52:44,AM,71
3/26/2019,11:52:45,AM,71
3/26/2019,11:52:46,AM,71
3/26/2019,11:52:47,AM,71
3/26/2019,11:52:48,AM,71
3/26/2019,11:52:49,AM,71
3/26/2019,11:52:50,AM,71
3/26/2019,11:52:51,AM,71
3/26/2019,11:52:52,AM,71
3/26/2019,11:52:53,AM,71
3/26/2019,11:52:54,AM,71
3/26/2019,11:52:55,AM,71
3/26/2019,11:52:56,AM,71
3/26/2019,11:52:57,AM,71
3/26/2019,11:52:58,AM,71
3/26/2019,11:52:59,AM,71
3/26/2019,11:53:00,AM,71
3/26/2019,11:53:01,AM,71
3/26/2019,11:53:02,AM,71
3/26/2019,11:53:03,AM,71
3/26/2019,11:53:04,AM,71
3/26/2019,11:53:05,AM,71
3/26/2019,11:53:06,AM,71
3/26/2019,11:53:07,AM,71
3/26/2019,11:53:08,AM,71
3/26/2019,11:53:09,AM,71
3/26/2019,11:53:10,AM,71
3/26/2019,11:53:11,AM,71
3/26/2019,11:53:12,AM,71
3/26/2019,11:53:13,AM,71
3/26/2019,11:53:14,AM,71
3/26/2019,11:53:15,AM,71
3/26/2019,11:53:16,AM,71
3/26/2019,11:53:17,AM,71
3/26/2019,11:53:18,AM,71
