Time,GSR
'0:0:0.0,0.7708
'0:0:0.1,0.7707
'0:0:0.2,0.771
'0:0:0.3,0.7711
'0:0:0.4,0.7711
'0:0:0.5,0.7713
'0:0:0.6,0.7714
'0:0:0.7,0.7715
'0:0:0.8,0.7713
'0:0:0.9,0.7715
'0:0:1.0,0.7716
'0:0:1.1,0.7717
'0:0:1.2,0.7716
'0:0:1.3,0.7717
'0:0:1.4,0.7718
'0:0:1.5,0.7718
'0:0:1.6,0.7718
'0:0:1.7,0.7721
'0:0:1.8,0.7722
'0:0:1.9,0.7722
'0:0:2.0,0.7722
'0:0:2.1,0.7722
'0:0:2.2,0.7722
'0:0:2.3,0.7722
'0:0:2.4,0.7724
'0:0:2.5,0.7727
'0:0:2.6,0.7724
'0:0:2.7,0.7724
'0:0:2.8,0.7723
'0:0:2.9,0.7726
'0:0:3.0,0.7729
'0:0:3.1,0.7726
'0:0:3.2,0.7726
'0:0:3.3,0.7729
'0:0:3.4,0.773
'0:0:3.5,0.773
'0:0:3.6,0.773
'0:0:3.7,0.7731
'0:0:3.8,0.7731
'0:0:3.9,0.773
'0:0:4.0,0.7731
'0:0:4.1,0.7731
'0:0:4.2,0.7732
'0:0:4.3,0.7733
'0:0:4.4,0.7734
'0:0:4.5,0.7732
'0:0:4.6,0.7733
'0:0:4.7,0.7734
'0:0:4.8,0.7734
'0:0:4.9,0.7735
'0:0:5.0,0.7735
'0:0:5.1,0.7736
'0:0:5.2,0.7736
'0:0:5.3,0.7737
'0:0:5.4,0.7737
'0:0:5.5,0.7737
'0:0:5.6,0.7736
'0:0:5.7,0.7738
'0:0:5.8,0.7739
'0:0:5.9,0.7741
'0:0:6.0,0.7743
'0:0:6.1,0.7742
'0:0:6.2,0.7741
'0:0:6.3,0.7742
'0:0:6.4,0.7741
'0:0:6.5,0.7741
'0:0:6.6,0.7742
'0:0:6.7,0.7741
'0:0:6.8,0.7741
'0:0:6.9,0.7741
'0:0:7.0,0.7741
'0:0:7.1,0.7741
'0:0:7.2,0.7742
'0:0:7.3,0.7741
'0:0:7.4,0.7743
'0:0:7.5,0.7744
'0:0:7.6,0.7744
'0:0:7.7,0.7745
'0:0:7.8,0.7745
'0:0:7.9,0.7746
'0:0:8.0,0.7745
'0:0:8.1,0.7749
'0:0:8.2,0.7749
'0:0:8.3,0.775
'0:0:8.4,0.775
'0:0:8.5,0.775
'0:0:8.6,0.7752
'0:0:8.7,0.7755
'0:0:8.8,0.7755
'0:0:8.9,0.7756
'0:0:9.0,0.7759
'0:0:9.1,0.776
'0:0:9.2,0.7764
'0:0:9.3,0.7766
'0:0:9.4,0.7767
'0:0:9.5,0.7769
'0:0:9.6,0.7772
'0:0:9.7,0.7773
'0:0:9.8,0.7778
'0:0:9.9,0.7778
'0:0:10.0,0.7777
'0:0:10.1,0.7777
'0:0:10.2,0.7777
'0:0:10.3,0.778
'0:0:10.4,0.778
'0:0:10.5,0.778
'0:0:10.6,0.7779
'0:0:10.7,0.7781
'0:0:10.8,0.7782
'0:0:10.9,0.7782
'0:0:11.0,0.7784
'0:0:11.1,0.7785
'0:0:11.2,0.7784
'0:0:11.3,0.7786
'0:0:11.4,0.7785
'0:0:11.5,0.7785
'0:0:11.6,0.7785
'0:0:11.7,0.7788
'0:0:11.8,0.7788
'0:0:11.9,0.7791
'0:0:12.0,0.7791
'0:0:12.1,0.779
'0:0:12.2,0.7793
'0:0:12.3,0.7792
'0:0:12.4,0.7791
'0:0:12.5,0.7791
'0:0:12.6,0.7791
'0:0:12.7,0.7793
'0:0:12.8,0.7794
'0:0:12.9,0.7796
'0:0:13.0,0.7798
'0:0:13.1,0.7798
'0:0:13.2,0.7798
'0:0:13.3,0.7798
'0:0:13.4,0.7798
'0:0:13.5,0.7798
'0:0:13.6,0.7801
'0:0:13.7,0.7802
'0:0:13.8,0.7801
'0:0:13.9,0.7803
'0:0:14.0,0.7803
'0:0:14.1,0.7802
'0:0:14.2,0.7802
'0:0:14.3,0.7803
'0:0:14.4,0.7804
'0:0:14.5,0.7806
'0:0:14.6,0.7804
'0:0:14.7,0.7803
'0:0:14.8,0.7803
'0:0:14.9,0.7804
'0:0:15.0,0.7805
'0:0:15.1,0.7805
'0:0:15.2,0.7805
'0:0:15.3,0.7806
'0:0:15.4,0.7808
'0:0:15.5,0.7806
'0:0:15.6,0.7807
'0:0:15.7,0.781
'0:0:15.8,0.7811
'0:0:15.9,0.7809
'0:0:16.0,0.781
'0:0:16.1,0.7811
'0:0:16.2,0.7811
'0:0:16.3,0.7811
'0:0:16.4,0.781
'0:0:16.5,0.7811
'0:0:16.6,0.781
'0:0:16.7,0.7813
'0:0:16.8,0.7814
'0:0:16.9,0.7815
'0:0:17.0,0.7813
'0:0:17.1,0.7811
'0:0:17.2,0.7812
'0:0:17.3,0.7814
'0:0:17.4,0.7816
'0:0:17.5,0.7817
'0:0:17.6,0.7817
'0:0:17.7,0.7818
'0:0:17.8,0.7819
'0:0:17.9,0.7819
'0:0:18.0,0.7818
'0:0:18.1,0.782
'0:0:18.2,0.7822
'0:0:18.3,0.7822
'0:0:18.4,0.7823
'0:0:18.5,0.7824
'0:0:18.6,0.7825
'0:0:18.7,0.7826
'0:0:18.8,0.7825
'0:0:18.9,0.7825
'0:0:19.0,0.7827
'0:0:19.1,0.7828
'0:0:19.2,0.783
'0:0:19.3,0.7828
'0:0:19.4,0.7829
'0:0:19.5,0.783
'0:0:19.6,0.7832
'0:0:19.7,0.7832
'0:0:19.8,0.7833
'0:0:19.9,0.7832
'0:0:20.0,0.7835
'0:0:20.1,0.7834
'0:0:20.2,0.7836
'0:0:20.3,0.7837
'0:0:20.4,0.7837
'0:0:20.5,0.7836
'0:0:20.6,0.7836
'0:0:20.7,0.7837
'0:0:20.8,0.7837
'0:0:20.9,0.7838
'0:0:21.0,0.7839
'0:0:21.1,0.7839
'0:0:21.2,0.784
'0:0:21.3,0.7841
'0:0:21.4,0.7839
'0:0:21.5,0.784
'0:0:21.6,0.7841
'0:0:21.7,0.7843
'0:0:21.8,0.7845
'0:0:21.9,0.7844
'0:0:22.0,0.7843
'0:0:22.1,0.7844
'0:0:22.2,0.7844
'0:0:22.3,0.7843
'0:0:22.4,0.7845
'0:0:22.5,0.7847
'0:0:22.6,0.7845
'0:0:22.7,0.7844
'0:0:22.8,0.7844
'0:0:22.9,0.7847
'0:0:23.0,0.7845
'0:0:23.1,0.7846
'0:0:23.2,0.7846
'0:0:23.3,0.7847
'0:0:23.4,0.785
'0:0:23.5,0.7848
'0:0:23.6,0.7852
'0:0:23.7,0.7853
'0:0:23.8,0.7853
'0:0:23.9,0.7853
'0:0:24.0,0.7852
'0:0:24.1,0.7852
'0:0:24.2,0.7853
'0:0:24.3,0.7857
'0:0:24.4,0.7859
'0:0:24.5,0.7857
'0:0:24.6,0.7857
'0:0:24.7,0.7857
'0:0:24.8,0.7858
'0:0:24.9,0.7859
'0:0:25.0,0.7858
'0:0:25.1,0.786
'0:0:25.2,0.7862
'0:0:25.3,0.7863
'0:0:25.4,0.7863
'0:0:25.5,0.7863
'0:0:25.6,0.7862
'0:0:25.7,0.7862
'0:0:25.8,0.7862
'0:0:25.9,0.7864
'0:0:26.0,0.7865
'0:0:26.1,0.7863
'0:0:26.2,0.7863
'0:0:26.3,0.7864
'0:0:26.4,0.7865
'0:0:26.5,0.7864
'0:0:26.6,0.7864
'0:0:26.7,0.7866
'0:0:26.8,0.7867
'0:0:26.9,0.7867
'0:0:27.0,0.7864
'0:0:27.1,0.786
'0:0:27.2,0.7831
'0:0:27.3,0.7763
'0:0:27.4,0.768
'0:0:27.5,0.7866
'0:0:27.6,0.7832
'0:0:27.7,0.7841
'0:0:27.8,0.793
'0:0:27.9,0.8018
'0:0:28.0,0.8059
'0:0:28.1,0.8067
'0:0:28.2,0.8139
'0:0:28.3,0.8337
'0:0:28.4,0.8169
'0:0:28.5,0.7931
'0:0:28.6,0.798
'0:0:28.7,0.7889
'0:0:28.8,0.7888
'0:0:28.9,0.7889
'0:0:29.0,0.788
'0:0:29.1,0.7886
'0:0:29.2,0.7889
'0:0:29.3,0.7889
'0:0:29.4,0.7891
'0:0:29.5,0.789
'0:0:29.6,0.7889
'0:0:29.7,0.789
'0:0:29.8,0.789
'0:0:29.9,0.789
'0:0:30.0,0.789
'0:0:30.1,0.789
'0:0:30.2,0.7892
'0:0:30.3,0.7891
'0:0:30.4,0.7891
'0:0:30.5,0.789
'0:0:30.6,0.789
'0:0:30.7,0.7891
'0:0:30.8,0.7892
'0:0:30.9,0.7892
'0:0:31.0,0.7892
'0:0:31.1,0.7893
'0:0:31.2,0.7894
'0:0:31.3,0.7893
'0:0:31.4,0.7894
'0:0:31.5,0.7892
'0:0:31.6,0.7894
'0:0:31.7,0.7897
'0:0:31.8,0.7897
'0:0:31.9,0.7896
'0:0:32.0,0.7895
'0:0:32.1,0.7896
'0:0:32.2,0.7895
'0:0:32.3,0.7897
'0:0:32.4,0.7897
'0:0:32.5,0.7897
'0:0:32.6,0.7899
'0:0:32.7,0.7901
'0:0:32.8,0.79
'0:0:32.9,0.79
'0:0:33.0,0.7901
'0:0:33.1,0.7902
'0:0:33.2,0.7902
'0:0:33.3,0.7902
'0:0:33.4,0.7902
'0:0:33.5,0.7902
'0:0:33.6,0.7901
'0:0:33.7,0.7906
'0:0:33.8,0.7908
'0:0:33.9,0.7907
'0:0:34.0,0.7905
'0:0:34.1,0.7907
'0:0:34.2,0.7907
'0:0:34.3,0.7912
'0:0:34.4,0.7914
'0:0:34.5,0.7919
'0:0:34.6,0.792
'0:0:34.7,0.791
'0:0:34.8,0.7905
'0:0:34.9,0.7902
'0:0:35.0,0.79
'0:0:35.1,0.7902
'0:0:35.2,0.7908
'0:0:35.3,0.7912
'0:0:35.4,0.7917
'0:0:35.5,0.792
'0:0:35.6,0.7917
'0:0:35.7,0.7911
'0:0:35.8,0.7909
'0:0:35.9,0.7908
'0:0:36.0,0.7909
'0:0:36.1,0.7917
'0:0:36.2,0.7907
'0:0:36.3,0.7903
'0:0:36.4,0.7905
'0:0:36.5,0.7914
'0:0:36.6,0.7924
'0:0:36.7,0.7924
'0:0:36.8,0.7932
'0:0:36.9,0.794
'0:0:37.0,0.7929
'0:0:37.1,0.7937
'0:0:37.2,0.7961
'0:0:37.3,0.8025
'0:0:37.4,0.8054
'0:0:37.5,0.8053
'0:0:37.6,0.8002
'0:0:37.7,0.8066
'0:0:37.8,0.808
'0:0:37.9,0.8099
'0:0:38.0,0.811
'0:0:38.1,0.8076
'0:0:38.2,0.8065
'0:0:38.3,0.8057
'0:0:38.4,0.8042
'0:0:38.5,0.8025
'0:0:38.6,0.8014
'0:0:38.7,0.8013
'0:0:38.8,0.8014
'0:0:38.9,0.8032
'0:0:39.0,0.8033
'0:0:39.1,0.8005
'0:0:39.2,0.7998
'0:0:39.3,0.7989
'0:0:39.4,0.7991
'0:0:39.5,0.7989
'0:0:39.6,0.799
'0:0:39.7,0.7992
'0:0:39.8,0.7994
'0:0:39.9,0.7994
'0:0:40.0,0.7991
'0:0:40.1,0.7987
'0:0:40.2,0.7985
'0:0:40.3,0.7989
'0:0:40.4,0.7989
'0:0:40.5,0.7985
'0:0:40.6,0.7986
'0:0:40.7,0.7987
'0:0:40.8,0.7987
'0:0:40.9,0.799
'0:0:41.0,0.7992
'0:0:41.1,0.7989
'0:0:41.2,0.7989
'0:0:41.3,0.7986
'0:0:41.4,0.7983
'0:0:41.5,0.7983
'0:0:41.6,0.7983
'0:0:41.7,0.7984
'0:0:41.8,0.7983
'0:0:41.9,0.7983
'0:0:42.0,0.7982
'0:0:42.1,0.7982
'0:0:42.2,0.7982
'0:0:42.3,0.7983
'0:0:42.4,0.7982
'0:0:42.5,0.7983
'0:0:42.6,0.798
'0:0:42.7,0.7983
'0:0:42.8,0.7982
'0:0:42.9,0.7981
'0:0:43.0,0.7983
'0:0:43.1,0.798
'0:0:43.2,0.7981
'0:0:43.3,0.7981
'0:0:43.4,0.7982
'0:0:43.5,0.7983
'0:0:43.6,0.7983
'0:0:43.7,0.7983
'0:0:43.8,0.7983
'0:0:43.9,0.7982
'0:0:44.0,0.7983
'0:0:44.1,0.7982
'0:0:44.2,0.7982
'0:0:44.3,0.7983
'0:0:44.4,0.7983
'0:0:44.5,0.7986
'0:0:44.6,0.7986
'0:0:44.7,0.7987
'0:0:44.8,0.7987
'0:0:44.9,0.7987
'0:0:45.0,0.7989
'0:0:45.1,0.7989
'0:0:45.2,0.7986
'0:0:45.3,0.7988
'0:0:45.4,0.7989
'0:0:45.5,0.7991
'0:0:45.6,0.7989
'0:0:45.7,0.799
'0:0:45.8,0.7992
'0:0:45.9,0.7991
'0:0:46.0,0.7992
'0:0:46.1,0.7994
'0:0:46.2,0.7992
'0:0:46.3,0.7992
'0:0:46.4,0.7994
'0:0:46.5,0.7993
'0:0:46.6,0.7993
'0:0:46.7,0.7996
'0:0:46.8,0.7997
'0:0:46.9,0.7996
'0:0:47.0,0.7998
'0:0:47.1,0.7998
'0:0:47.2,0.7998
'0:0:47.3,0.7999
'0:0:47.4,0.7999
'0:0:47.5,0.7999
'0:0:47.6,0.8001
'0:0:47.7,0.8001
'0:0:47.8,0.8002
'0:0:47.9,0.8002
'0:0:48.0,0.8004
'0:0:48.1,0.8004
'0:0:48.2,0.8003
'0:0:48.3,0.8002
'0:0:48.4,0.8004
'0:0:48.5,0.8005
'0:0:48.6,0.8006
'0:0:48.7,0.8009
'0:0:48.8,0.8008
'0:0:48.9,0.8008
'0:0:49.0,0.8007
'0:0:49.1,0.8007
'0:0:49.2,0.8009
'0:0:49.3,0.801
'0:0:49.4,0.801
'0:0:49.5,0.8011
'0:0:49.6,0.8011
'0:0:49.7,0.8012
'0:0:49.8,0.8011
'0:0:49.9,0.8013
'0:0:50.0,0.8014
'0:0:50.1,0.8014
'0:0:50.2,0.8014
'0:0:50.3,0.8013
'0:0:50.4,0.8015
'0:0:50.5,0.7981
'0:0:50.6,0.7884
'0:0:50.7,0.7859
'0:0:50.8,0.7888
'0:0:50.9,0.7924
'0:0:51.0,0.7969
'0:0:51.1,0.8012
'0:0:51.2,0.8011
'0:0:51.3,0.7969
'0:0:51.4,0.7885
'0:0:51.5,0.7763
'0:0:51.6,0.7575
'0:0:51.7,0.8048
'0:0:51.8,0.8109
'0:0:51.9,0.8026
'0:0:52.0,0.8021
'0:0:52.1,0.803
'0:0:52.2,0.8033
'0:0:52.3,0.8044
'0:0:52.4,0.8028
'0:0:52.5,0.8036
'0:0:52.6,0.8038
'0:0:52.7,0.8062
'0:0:52.8,0.8068
'0:0:52.9,0.8061
'0:0:53.0,0.8054
'0:0:53.1,0.8051
'0:0:53.2,0.8052
'0:0:53.3,0.8063
'0:0:53.4,0.803
'0:0:53.5,0.8025
'0:0:53.6,0.8024
'0:0:53.7,0.8026
'0:0:53.8,0.8031
'0:0:53.9,0.8033
'0:0:54.0,0.8018
'0:0:54.1,0.8019
'0:0:54.2,0.8024
'0:0:54.3,0.8025
'0:0:54.4,0.803
'0:0:54.5,0.8022
'0:0:54.6,0.8021
'0:0:54.7,0.8024
'0:0:54.8,0.8023
'0:0:54.9,0.8026
'0:0:55.0,0.8027
'0:0:55.1,0.8026
'0:0:55.2,0.8025
'0:0:55.3,0.8027
'0:0:55.4,0.8029
'0:0:55.5,0.803
'0:0:55.6,0.8029
'0:0:55.7,0.8031
'0:0:55.8,0.8031
'0:0:55.9,0.8033
'0:0:56.0,0.8035
'0:0:56.1,0.8036
'0:0:56.2,0.8036
'0:0:56.3,0.8036
'0:0:56.4,0.8037
'0:0:56.5,0.8038
'0:0:56.6,0.8038
'0:0:56.7,0.8041
'0:0:56.8,0.8041
'0:0:56.9,0.8041
'0:0:57.0,0.8043
'0:0:57.1,0.8043
'0:0:57.2,0.8041
'0:0:57.3,0.8043
'0:0:57.4,0.8042
'0:0:57.5,0.8043
'0:0:57.6,0.8044
'0:0:57.7,0.8045
'0:0:57.8,0.8043
'0:0:57.9,0.8042
'0:0:58.0,0.8041
'0:0:58.1,0.8044
'0:0:58.2,0.8045
'0:0:58.3,0.8046
'0:0:58.4,0.8046
'0:0:58.5,0.8046
'0:0:58.6,0.8049
'0:0:58.7,0.8049
'0:0:58.8,0.8051
'0:0:58.9,0.8052
'0:0:59.0,0.805
'0:0:59.1,0.805
'0:0:59.2,0.805
'0:0:59.3,0.8052
'0:0:59.4,0.8052
'0:0:59.5,0.8053
'0:0:59.6,0.8053
'0:0:59.7,0.8056
'0:0:59.8,0.8056
'0:0:59.9,0.8055
'0:1:0.0,0.8054
'0:1:0.1,0.8055
'0:1:0.2,0.8056
'0:1:0.3,0.8057
'0:1:0.4,0.8057
'0:1:0.5,0.8057
'0:1:0.6,0.8057
'0:1:0.7,0.806
'0:1:0.8,0.806
'0:1:0.9,0.8061
'0:1:1.0,0.8066
'0:1:1.1,0.8071
'0:1:1.2,0.8075
'0:1:1.3,0.8077
'0:1:1.4,0.8077
'0:1:1.5,0.8077
'0:1:1.6,0.8074
'0:1:1.7,0.8077
'0:1:1.8,0.8076
'0:1:1.9,0.8077
'0:1:2.0,0.8075
'0:1:2.1,0.8076
'0:1:2.2,0.8076
'0:1:2.3,0.8077
'0:1:2.4,0.8077
'0:1:2.5,0.8078
'0:1:2.6,0.8077
'0:1:2.7,0.8079
'0:1:2.8,0.8077
'0:1:2.9,0.8078
'0:1:3.0,0.8079
'0:1:3.1,0.8079
'0:1:3.2,0.8079
'0:1:3.3,0.808
'0:1:3.4,0.808
'0:1:3.5,0.8079
'0:1:3.6,0.8081
'0:1:3.7,0.8082
'0:1:3.8,0.8082
'0:1:3.9,0.8081
'0:1:4.0,0.8082
'0:1:4.1,0.8081
'0:1:4.2,0.8082
'0:1:4.3,0.8083
'0:1:4.4,0.8084
'0:1:4.5,0.8084
'0:1:4.6,0.8084
'0:1:4.7,0.8086
'0:1:4.8,0.8089
'0:1:4.9,0.8088
'0:1:5.0,0.8089
'0:1:5.1,0.809
'0:1:5.2,0.8092
'0:1:5.3,0.8095
'0:1:5.4,0.8095
'0:1:5.5,0.8095
'0:1:5.6,0.8095
'0:1:5.7,0.8095
'0:1:5.8,0.8096
'0:1:5.9,0.8095
'0:1:6.0,0.8097
'0:1:6.1,0.8098
'0:1:6.2,0.8098
'0:1:6.3,0.8099
'0:1:6.4,0.8097
'0:1:6.5,0.81
'0:1:6.6,0.8098
'0:1:6.7,0.81
'0:1:6.8,0.8098
'0:1:6.9,0.8099
'0:1:7.0,0.8099
'0:1:7.1,0.8099
'0:1:7.2,0.8099
'0:1:7.3,0.81
'0:1:7.4,0.8101
'0:1:7.5,0.81
'0:1:7.6,0.8099
'0:1:7.7,0.81
'0:1:7.8,0.81
'0:1:7.9,0.8101
'0:1:8.0,0.8102
'0:1:8.1,0.8101
'0:1:8.2,0.8102
'0:1:8.3,0.8101
'0:1:8.4,0.8102
'0:1:8.5,0.8102
'0:1:8.6,0.8102
'0:1:8.7,0.8106
'0:1:8.8,0.8105
'0:1:8.9,0.8105
'0:1:9.0,0.8105
'0:1:9.1,0.8107
'0:1:9.2,0.8106
'0:1:9.3,0.8108
'0:1:9.4,0.8108
'0:1:9.5,0.8109
'0:1:9.6,0.811
'0:1:9.7,0.8111
'0:1:9.8,0.8112
'0:1:9.9,0.8112
'0:1:10.0,0.8114
'0:1:10.1,0.8115
'0:1:10.2,0.8115
'0:1:10.3,0.8117
'0:1:10.4,0.8116
'0:1:10.5,0.8117
'0:1:10.6,0.8117
'0:1:10.7,0.8117
'0:1:10.8,0.8117
'0:1:10.9,0.8116
'0:1:11.0,0.8116
'0:1:11.1,0.8117
'0:1:11.2,0.8118
'0:1:11.3,0.8121
'0:1:11.4,0.8121
'0:1:11.5,0.8119
'0:1:11.6,0.8122
'0:1:11.7,0.8121
'0:1:11.8,0.8119
'0:1:11.9,0.8121
'0:1:12.0,0.8121
'0:1:12.1,0.8123
'0:1:12.2,0.8123
'0:1:12.3,0.8123
'0:1:12.4,0.8125
'0:1:12.5,0.8126
'0:1:12.6,0.8125
'0:1:12.7,0.8127
'0:1:12.8,0.8126
'0:1:12.9,0.8126
'0:1:13.0,0.8127
'0:1:13.1,0.8128
'0:1:13.2,0.8128
'0:1:13.3,0.8131
'0:1:13.4,0.8132
'0:1:13.5,0.8133
'0:1:13.6,0.8134
'0:1:13.7,0.8136
'0:1:13.8,0.8136
'0:1:13.9,0.8138
'0:1:14.0,0.8137
'0:1:14.1,0.8138
'0:1:14.2,0.8138
'0:1:14.3,0.8138
'0:1:14.4,0.8138
'0:1:14.5,0.8138
'0:1:14.6,0.8137
'0:1:14.7,0.8143
'0:1:14.8,0.8143
'0:1:14.9,0.8144
'0:1:15.0,0.8144
'0:1:15.1,0.8144
'0:1:15.2,0.8145
'0:1:15.3,0.8147
'0:1:15.4,0.8149
'0:1:15.5,0.8154
'0:1:15.6,0.8155
'0:1:15.7,0.8155
'0:1:15.8,0.8152
'0:1:15.9,0.8152
'0:1:16.0,0.8154
'0:1:16.1,0.8155
'0:1:16.2,0.8156
'0:1:16.3,0.8155
'0:1:16.4,0.8156
'0:1:16.5,0.8156
'0:1:16.6,0.8157
'0:1:16.7,0.8158
'0:1:16.8,0.8157
'0:1:16.9,0.8159
'0:1:17.0,0.8159
'0:1:17.1,0.816
'0:1:17.2,0.8161
'0:1:17.3,0.816
'0:1:17.4,0.816
'0:1:17.5,0.8161
'0:1:17.6,0.8161
'0:1:17.7,0.8163
'0:1:17.8,0.8162
'0:1:17.9,0.8163
'0:1:18.0,0.8163
'0:1:18.1,0.8162
'0:1:18.2,0.8164
'0:1:18.3,0.8165
'0:1:18.4,0.8163
'0:1:18.5,0.8165
'0:1:18.6,0.8163
'0:1:18.7,0.8164
'0:1:18.8,0.8166
'0:1:18.9,0.8165
'0:1:19.0,0.8166
'0:1:19.1,0.8165
'0:1:19.2,0.8166
'0:1:19.3,0.8166
'0:1:19.4,0.8165
'0:1:19.5,0.8165
'0:1:19.6,0.8166
'0:1:19.7,0.8166
'0:1:19.8,0.8168
'0:1:19.9,0.8166
'0:1:20.0,0.8169
'0:1:20.1,0.8169
'0:1:20.2,0.8171
'0:1:20.3,0.8171
'0:1:20.4,0.8171
'0:1:20.5,0.8171
'0:1:20.6,0.8171
'0:1:20.7,0.8172
'0:1:20.8,0.8171
'0:1:20.9,0.8169
'0:1:21.0,0.8172
'0:1:21.1,0.8174
'0:1:21.2,0.8175
'0:1:21.3,0.8172
'0:1:21.4,0.8174
'0:1:21.5,0.8176
'0:1:21.6,0.8176
'0:1:21.7,0.8179
'0:1:21.8,0.818
'0:1:21.9,0.8183
'0:1:22.0,0.8183
'0:1:22.1,0.8184
'0:1:22.2,0.8186
'0:1:22.3,0.8187
'0:1:22.4,0.8183
'0:1:22.5,0.8185
'0:1:22.6,0.8185
'0:1:22.7,0.8183
'0:1:22.8,0.8184
'0:1:22.9,0.8184
'0:1:23.0,0.8183
'0:1:23.1,0.8186
'0:1:23.2,0.8184
'0:1:23.3,0.8186
'0:1:23.4,0.8185
'0:1:23.5,0.8189
'0:1:23.6,0.8188
'0:1:23.7,0.8189
'0:1:23.8,0.8191
'0:1:23.9,0.8189
'0:1:24.0,0.8191
'0:1:24.1,0.819
'0:1:24.2,0.8189
'0:1:24.3,0.819
'0:1:24.4,0.819
'0:1:24.5,0.819
'0:1:24.6,0.8192
'0:1:24.7,0.8193
'0:1:24.8,0.8192
'0:1:24.9,0.8191
'0:1:25.0,0.8194
'0:1:25.1,0.8194
'0:1:25.2,0.8196
'0:1:25.3,0.8198
'0:1:25.4,0.8199
'0:1:25.5,0.8201
'0:1:25.6,0.8203
'0:1:25.7,0.8195
'0:1:25.8,0.8195
'0:1:25.9,0.8198
'0:1:26.0,0.8199
'0:1:26.1,0.821
'0:1:26.2,0.8204
'0:1:26.3,0.8199
'0:1:26.4,0.8195
'0:1:26.5,0.82
'0:1:26.6,0.8198
'0:1:26.7,0.8231
'0:1:26.8,0.8213
'0:1:26.9,0.8197
'0:1:27.0,0.8192
'0:1:27.1,0.8199
'0:1:27.2,0.8198
'0:1:27.3,0.824
'0:1:27.4,0.823
'0:1:27.5,0.8198
'0:1:27.6,0.8188
'0:1:27.7,0.8181
'0:1:27.8,0.8228
'0:1:27.9,0.8229
'0:1:28.0,0.8186
'0:1:28.1,0.8181
'0:1:28.2,0.8185
'0:1:28.3,0.8194
'0:1:28.4,0.8203
'0:1:28.5,0.8214
'0:1:28.6,0.8246
'0:1:28.7,0.8252
'0:1:28.8,0.8262
'0:1:28.9,0.8233
'0:1:29.0,0.8219
'0:1:29.1,0.8209
'0:1:29.2,0.8206
'0:1:29.3,0.8229
'0:1:29.4,0.8228
'0:1:29.5,0.8218
'0:1:29.6,0.8203
'0:1:29.7,0.8135
'0:1:29.8,0.8037
'0:1:29.9,0.8122
'0:1:30.0,0.82
'0:1:30.1,0.8225
'0:1:30.2,0.8235
'0:1:30.3,0.8239
'0:1:30.4,0.8233
'0:1:30.5,0.8233
'0:1:30.6,0.8226
'0:1:30.7,0.8219
'0:1:30.8,0.8231
'0:1:30.9,0.8235
'0:1:31.0,0.8233
'0:1:31.1,0.8237
'0:1:31.2,0.8242
'0:1:31.3,0.8226
'0:1:31.4,0.8223
'0:1:31.5,0.8225
'0:1:31.6,0.8229
'0:1:31.7,0.8232
'0:1:31.8,0.8233
'0:1:31.9,0.8234
'0:1:32.0,0.8233
'0:1:32.1,0.8232
'0:1:32.2,0.8231
'0:1:32.3,0.8232
'0:1:32.4,0.8229
'0:1:32.5,0.8229
'0:1:32.6,0.8228
'0:1:32.7,0.8229
'0:1:32.8,0.8229
'0:1:32.9,0.8232
'0:1:33.0,0.8231
'0:1:33.1,0.8229
'0:1:33.2,0.8231
'0:1:33.3,0.8231
'0:1:33.4,0.8229
'0:1:33.5,0.8229
'0:1:33.6,0.8229
'0:1:33.7,0.8232
'0:1:33.8,0.8232
'0:1:33.9,0.8231
'0:1:34.0,0.8232
'0:1:34.1,0.8234
'0:1:34.2,0.8232
'0:1:34.3,0.8236
'0:1:34.4,0.8234
'0:1:34.5,0.8236
'0:1:34.6,0.8238
'0:1:34.7,0.8238
'0:1:34.8,0.8236
'0:1:34.9,0.8235
'0:1:35.0,0.8238
'0:1:35.1,0.8238
'0:1:35.2,0.8238
'0:1:35.3,0.8238
'0:1:35.4,0.8239
'0:1:35.5,0.8231
'0:1:35.6,0.8214
'0:1:35.7,0.8197
'0:1:35.8,0.8122
'0:1:35.9,0.8025
'0:1:36.0,0.7897
'0:1:36.1,0.7946
'0:1:36.2,0.8135
'0:1:36.3,0.8044
'0:1:36.4,0.7852
'0:1:36.5,0.8038
'0:1:36.6,0.8318
'0:1:36.7,0.8478
'0:1:36.8,0.8359
'0:1:36.9,0.8287
'0:1:37.0,0.7954
'0:1:37.1,0.7731
'0:1:37.2,0.8205
'0:1:37.3,0.8484
'0:1:37.4,0.8899
'0:1:37.5,0.8351
'0:1:37.6,0.8351
'0:1:37.7,0.8356
'0:1:37.8,0.8317
'0:1:37.9,0.828
'0:1:38.0,0.8269
'0:1:38.1,0.8264
'0:1:38.2,0.8249
'0:1:38.3,0.8231
'0:1:38.4,0.8226
'0:1:38.5,0.8217
'0:1:38.6,0.8201
'0:1:38.7,0.82
'0:1:38.8,0.8224
'0:1:38.9,0.8241
'0:1:39.0,0.8241
'0:1:39.1,0.824
'0:1:39.2,0.8235
'0:1:39.3,0.8235
'0:1:39.4,0.8237
'0:1:39.5,0.824
'0:1:39.6,0.8241
'0:1:39.7,0.8241
'0:1:39.8,0.8244
'0:1:39.9,0.8246
'0:1:40.0,0.8243
'0:1:40.1,0.8245
'0:1:40.2,0.8246
'0:1:40.3,0.8247
'0:1:40.4,0.8246
'0:1:40.5,0.8246
'0:1:40.6,0.8245
'0:1:40.7,0.8248
'0:1:40.8,0.8249
'0:1:40.9,0.825
'0:1:41.0,0.8252
'0:1:41.1,0.8251
'0:1:41.2,0.8252
'0:1:41.3,0.8254
'0:1:41.4,0.8256
'0:1:41.5,0.8257
'0:1:41.6,0.8259
'0:1:41.7,0.8264
'0:1:41.8,0.8263
'0:1:41.9,0.8265
'0:1:42.0,0.8268
'0:1:42.1,0.8269
'0:1:42.2,0.8268
'0:1:42.3,0.8269
'0:1:42.4,0.8269
'0:1:42.5,0.827
'0:1:42.6,0.8269
'0:1:42.7,0.8273
'0:1:42.8,0.8272
'0:1:42.9,0.8272
'0:1:43.0,0.8272
'0:1:43.1,0.8274
'0:1:43.2,0.8273
'0:1:43.3,0.8272
'0:1:43.4,0.8274
'0:1:43.5,0.8275
'0:1:43.6,0.8276
'0:1:43.7,0.8279
'0:1:43.8,0.8277
'0:1:43.9,0.8277
'0:1:44.0,0.8279
'0:1:44.1,0.8276
'0:1:44.2,0.828
'0:1:44.3,0.8281
'0:1:44.4,0.8279
'0:1:44.5,0.8275
'0:1:44.6,0.8275
'0:1:44.7,0.8277
'0:1:44.8,0.8277
'0:1:44.9,0.8276
'0:1:45.0,0.8276
'0:1:45.1,0.8276
'0:1:45.2,0.8275
'0:1:45.3,0.8273
'0:1:45.4,0.8273
'0:1:45.5,0.8275
'0:1:45.6,0.8276
'0:1:45.7,0.8276
'0:1:45.8,0.8275
'0:1:45.9,0.8273
'0:1:46.0,0.8274
'0:1:46.1,0.8272
'0:1:46.2,0.8274
'0:1:46.3,0.8278
'0:1:46.4,0.8281
'0:1:46.5,0.8281
'0:1:46.6,0.8281
'0:1:46.7,0.8281
'0:1:46.8,0.828
'0:1:46.9,0.8278
'0:1:47.0,0.8279
'0:1:47.1,0.828
'0:1:47.2,0.828
'0:1:47.3,0.828
'0:1:47.4,0.8282
'0:1:47.5,0.8281
'0:1:47.6,0.8279
'0:1:47.7,0.8281
'0:1:47.8,0.8281
'0:1:47.9,0.828
'0:1:48.0,0.828
'0:1:48.1,0.8279
'0:1:48.2,0.828
'0:1:48.3,0.828
'0:1:48.4,0.828
'0:1:48.5,0.828
'0:1:48.6,0.828
'0:1:48.7,0.8283
'0:1:48.8,0.8283
'0:1:48.9,0.8282
'0:1:49.0,0.8283
'0:1:49.1,0.8283
'0:1:49.2,0.8281
'0:1:49.3,0.8281
'0:1:49.4,0.8281
'0:1:49.5,0.8283
'0:1:49.6,0.8281
'0:1:49.7,0.8283
'0:1:49.8,0.8282
'0:1:49.9,0.8282
'0:1:50.0,0.8284
'0:1:50.1,0.8284
'0:1:50.2,0.8282
'0:1:50.3,0.8283
'0:1:50.4,0.8284
'0:1:50.5,0.8287
'0:1:50.6,0.8287
'0:1:50.7,0.8288
'0:1:50.8,0.8287
'0:1:50.9,0.8287
'0:1:51.0,0.8288
'0:1:51.1,0.8288
'0:1:51.2,0.8289
'0:1:51.3,0.829
'0:1:51.4,0.829
'0:1:51.5,0.829
'0:1:51.6,0.8285
'0:1:51.7,0.8289
'0:1:51.8,0.8289
'0:1:51.9,0.8289
'0:1:52.0,0.8292
'0:1:52.1,0.8293
'0:1:52.2,0.8293
'0:1:52.3,0.8295
'0:1:52.4,0.8295
'0:1:52.5,0.8297
'0:1:52.6,0.8298
'0:1:52.7,0.83
'0:1:52.8,0.8301
'0:1:52.9,0.8301
'0:1:53.0,0.8302
'0:1:53.1,0.83
'0:1:53.2,0.8299
'0:1:53.3,0.8299
'0:1:53.4,0.83
'0:1:53.5,0.8301
'0:1:53.6,0.83
'0:1:53.7,0.8304
'0:1:53.8,0.8304
'0:1:53.9,0.8305
'0:1:54.0,0.8303
'0:1:54.1,0.8304
'0:1:54.2,0.8306
'0:1:54.3,0.8304
'0:1:54.4,0.8305
'0:1:54.5,0.8305
'0:1:54.6,0.8305
'0:1:54.7,0.8306
'0:1:54.8,0.8309
'0:1:54.9,0.8309
'0:1:55.0,0.8308
'0:1:55.1,0.8305
'0:1:55.2,0.8304
'0:1:55.3,0.8305
'0:1:55.4,0.8305
'0:1:55.5,0.8308
'0:1:55.6,0.8306
'0:1:55.7,0.8307
'0:1:55.8,0.8306
'0:1:55.9,0.8307
'0:1:56.0,0.8309
'0:1:56.1,0.831
'0:1:56.2,0.831
'0:1:56.3,0.8308
'0:1:56.4,0.8308
'0:1:56.5,0.8309
'0:1:56.6,0.8308
'0:1:56.7,0.831
'0:1:56.8,0.831
'0:1:56.9,0.831
'0:1:57.0,0.8309
'0:1:57.1,0.831
'0:1:57.2,0.8309
'0:1:57.3,0.8311
'0:1:57.4,0.8312
'0:1:57.5,0.8313
'0:1:57.6,0.8313
'0:1:57.7,0.8314
'0:1:57.8,0.8314
'0:1:57.9,0.8314
'0:1:58.0,0.8313
'0:1:58.1,0.8312
'0:1:58.2,0.8314
'0:1:58.3,0.8314
'0:1:58.4,0.8315
'0:1:58.5,0.8314
'0:1:58.6,0.8314
'0:1:58.7,0.8312
'0:1:58.8,0.8311
'0:1:58.9,0.8311
'0:1:59.0,0.8311
'0:1:59.1,0.8311
'0:1:59.2,0.8311
'0:1:59.3,0.8311
'0:1:59.4,0.8313
'0:1:59.5,0.8311
'0:1:59.6,0.8312
'0:1:59.7,0.8311
'0:1:59.8,0.8311
'0:1:59.9,0.8311
'0:1:60.0,0.8313
'0:2:0.1,0.8312
'0:2:0.2,0.8312
'0:2:0.3,0.8312
'0:2:0.4,0.8313
'0:2:0.5,0.8316
'0:2:0.6,0.8315
'0:2:0.7,0.8317
'0:2:0.8,0.8317
'0:2:0.9,0.8315
'0:2:1.0,0.8317
'0:2:1.1,0.8317
'0:2:1.2,0.832
'0:2:1.3,0.8321
'0:2:1.4,0.8322
'0:2:1.5,0.8321
'0:2:1.6,0.8321
'0:2:1.7,0.8321
'0:2:1.8,0.832
'0:2:1.9,0.8322
'0:2:2.0,0.8323
'0:2:2.1,0.8323
'0:2:2.2,0.8324
'0:2:2.3,0.8323
'0:2:2.4,0.8323
'0:2:2.5,0.8323
'0:2:2.6,0.8323
'0:2:2.7,0.8323
'0:2:2.8,0.8323
'0:2:2.9,0.8323
'0:2:3.0,0.8325
'0:2:3.1,0.8324
'0:2:3.2,0.8324
'0:2:3.3,0.8323
'0:2:3.4,0.8324
'0:2:3.5,0.8323
'0:2:3.6,0.8324
'0:2:3.7,0.8324
'0:2:3.8,0.8323
'0:2:3.9,0.8325
'0:2:4.0,0.8324
'0:2:4.1,0.8324
'0:2:4.2,0.8324
'0:2:4.3,0.8327
'0:2:4.4,0.8327
'0:2:4.5,0.8326
'0:2:4.6,0.8327
'0:2:4.7,0.8326
'0:2:4.8,0.8327
'0:2:4.9,0.8326
'0:2:5.0,0.8326
'0:2:5.1,0.8325
'0:2:5.2,0.8326
'0:2:5.3,0.8327
'0:2:5.4,0.8328
'0:2:5.5,0.8328
'0:2:5.6,0.8328
'0:2:5.7,0.833
'0:2:5.8,0.8329
'0:2:5.9,0.8328
'0:2:6.0,0.8327
'0:2:6.1,0.8329
'0:2:6.2,0.833
'0:2:6.3,0.8327
'0:2:6.4,0.8328
'0:2:6.5,0.8329
'0:2:6.6,0.8328
'0:2:6.7,0.8329
'0:2:6.8,0.833
'0:2:6.9,0.8331
'0:2:7.0,0.833
'0:2:7.1,0.833
'0:2:7.2,0.8328
'0:2:7.3,0.8327
'0:2:7.4,0.8329
'0:2:7.5,0.8328
'0:2:7.6,0.8328
'0:2:7.7,0.8328
'0:2:7.8,0.8329
'0:2:7.9,0.8328
'0:2:8.0,0.8325
'0:2:8.1,0.8326
'0:2:8.2,0.8328
'0:2:8.3,0.8329
'0:2:8.4,0.8329
'0:2:8.5,0.8329
'0:2:8.6,0.8328
'0:2:8.7,0.8326
'0:2:8.8,0.8328
'0:2:8.9,0.8327
'0:2:9.0,0.8329
'0:2:9.1,0.8328
'0:2:9.2,0.8329
'0:2:9.3,0.833
'0:2:9.4,0.833
'0:2:9.5,0.833
'0:2:9.6,0.8331
'0:2:9.7,0.8333
'0:2:9.8,0.8334
'0:2:9.9,0.8335
'0:2:10.0,0.8334
'0:2:10.1,0.8334
'0:2:10.2,0.8332
'0:2:10.3,0.8332
'0:2:10.4,0.8333
'0:2:10.5,0.8335
'0:2:10.6,0.8334
'0:2:10.7,0.8333
'0:2:10.8,0.8333
'0:2:10.9,0.8333
'0:2:11.0,0.8334
'0:2:11.1,0.8333
'0:2:11.2,0.8334
'0:2:11.3,0.8334
'0:2:11.4,0.8333
'0:2:11.5,0.8333
'0:2:11.6,0.8334
'0:2:11.7,0.8335
'0:2:11.8,0.8335
'0:2:11.9,0.8334
'0:2:12.0,0.8333
'0:2:12.1,0.8332
'0:2:12.2,0.8332
'0:2:12.3,0.8331
'0:2:12.4,0.8334
'0:2:12.5,0.8333
'0:2:12.6,0.8334
'0:2:12.7,0.8335
'0:2:12.8,0.8334
'0:2:12.9,0.8335
'0:2:13.0,0.8336
'0:2:13.1,0.8336
'0:2:13.2,0.8338
'0:2:13.3,0.8341
'0:2:13.4,0.834
'0:2:13.5,0.8339
'0:2:13.6,0.8339
'0:2:13.7,0.8341
'0:2:13.8,0.834
'0:2:13.9,0.8339
'0:2:14.0,0.8339
'0:2:14.1,0.834
'0:2:14.2,0.8341
'0:2:14.3,0.8341
'0:2:14.4,0.834
'0:2:14.5,0.8341
'0:2:14.6,0.8341
'0:2:14.7,0.8341
'0:2:14.8,0.834
'0:2:14.9,0.8341
'0:2:15.0,0.834
'0:2:15.1,0.8341
'0:2:15.2,0.8341
'0:2:15.3,0.8343
'0:2:15.4,0.8344
'0:2:15.5,0.8345
'0:2:15.6,0.8343
'0:2:15.7,0.8347
'0:2:15.8,0.8343
'0:2:15.9,0.8346
'0:2:16.0,0.8347
'0:2:16.1,0.8347
'0:2:16.2,0.8347
'0:2:16.3,0.8347
'0:2:16.4,0.8349
'0:2:16.5,0.8346
'0:2:16.6,0.8346
'0:2:16.7,0.8347
'0:2:16.8,0.8348
'0:2:16.9,0.8347
'0:2:17.0,0.8349
'0:2:17.1,0.8346
'0:2:17.2,0.8345
'0:2:17.3,0.8345
'0:2:17.4,0.8346
'0:2:17.5,0.8346
'0:2:17.6,0.8345
'0:2:17.7,0.8346
'0:2:17.8,0.8345
'0:2:17.9,0.8347
'0:2:18.0,0.8344
'0:2:18.1,0.8345
'0:2:18.2,0.8346
'0:2:18.3,0.8344
'0:2:18.4,0.8347
'0:2:18.5,0.8345
'0:2:18.6,0.8344
'0:2:18.7,0.8348
'0:2:18.8,0.8346
'0:2:18.9,0.8347
'0:2:19.0,0.8347
'0:2:19.1,0.8347
'0:2:19.2,0.8346
'0:2:19.3,0.8347
'0:2:19.4,0.8347
'0:2:19.5,0.8348
'0:2:19.6,0.8349
'0:2:19.7,0.8351
'0:2:19.8,0.8351
'0:2:19.9,0.8353
'0:2:20.0,0.8352
'0:2:20.1,0.8353
'0:2:20.2,0.8352
'0:2:20.3,0.8353
'0:2:20.4,0.8353
'0:2:20.5,0.8352
'0:2:20.6,0.8351
'0:2:20.7,0.8352
'0:2:20.8,0.8352
'0:2:20.9,0.8353
'0:2:21.0,0.8352
'0:2:21.1,0.8353
'0:2:21.2,0.8352
'0:2:21.3,0.8352
'0:2:21.4,0.8353
'0:2:21.5,0.8353
'0:2:21.6,0.8353
'0:2:21.7,0.8354
'0:2:21.8,0.8353
'0:2:21.9,0.8354
'0:2:22.0,0.8355
'0:2:22.1,0.8356
'0:2:22.2,0.8357
'0:2:22.3,0.8357
'0:2:22.4,0.8357
'0:2:22.5,0.8357
'0:2:22.6,0.8356
'0:2:22.7,0.8357
'0:2:22.8,0.8356
'0:2:22.9,0.8357
'0:2:23.0,0.8357
'0:2:23.1,0.8357
'0:2:23.2,0.8357
'0:2:23.3,0.8357
'0:2:23.4,0.8356
'0:2:23.5,0.8356
'0:2:23.6,0.8356
'0:2:23.7,0.8358
'0:2:23.8,0.836
'0:2:23.9,0.8362
'0:2:24.0,0.8362
'0:2:24.1,0.8361
'0:2:24.2,0.8359
'0:2:24.3,0.8359
'0:2:24.4,0.836
'0:2:24.5,0.836
'0:2:24.6,0.8361
'0:2:24.7,0.8364
'0:2:24.8,0.8362
'0:2:24.9,0.8364
'0:2:25.0,0.8362
'0:2:25.1,0.8363
'0:2:25.2,0.8363
'0:2:25.3,0.8362
'0:2:25.4,0.8361
'0:2:25.5,0.8364
'0:2:25.6,0.8364
'0:2:25.7,0.8364
'0:2:25.8,0.8363
'0:2:25.9,0.8362
'0:2:26.0,0.8363
'0:2:26.1,0.8362
'0:2:26.2,0.8363
'0:2:26.3,0.8363
'0:2:26.4,0.8365
'0:2:26.5,0.8365
'0:2:26.6,0.8365
'0:2:26.7,0.8366
'0:2:26.8,0.8366
'0:2:26.9,0.8366
'0:2:27.0,0.8368
'0:2:27.1,0.8368
'0:2:27.2,0.8369
'0:2:27.3,0.8366
'0:2:27.4,0.8367
'0:2:27.5,0.8369
'0:2:27.6,0.837
'0:2:27.7,0.8369
'0:2:27.8,0.8369
'0:2:27.9,0.8371
'0:2:28.0,0.8371
'0:2:28.1,0.8371
'0:2:28.2,0.8373
'0:2:28.3,0.8376
'0:2:28.4,0.8373
'0:2:28.5,0.8375
'0:2:28.6,0.8376
'0:2:28.7,0.8377
'0:2:28.8,0.8376
'0:2:28.9,0.8377
'0:2:29.0,0.8377
'0:2:29.1,0.8377
'0:2:29.2,0.8377
'0:2:29.3,0.8378
'0:2:29.4,0.8378
'0:2:29.5,0.8377
'0:2:29.6,0.8375
'0:2:29.7,0.8377
'0:2:29.8,0.8378
'0:2:29.9,0.8378
'0:2:30.0,0.8377
'0:2:30.1,0.8378
'0:2:30.2,0.8381
'0:2:30.3,0.838
'0:2:30.4,0.8377
'0:2:30.5,0.8377
'0:2:30.6,0.8377
'0:2:30.7,0.838
'0:2:30.8,0.838
'0:2:30.9,0.8383
'0:2:31.0,0.838
'0:2:31.1,0.8379
'0:2:31.2,0.8379
'0:2:31.3,0.838
'0:2:31.4,0.8381
'0:2:31.5,0.838
'0:2:31.6,0.8379
'0:2:31.7,0.8383
'0:2:31.8,0.8381
'0:2:31.9,0.8383
'0:2:32.0,0.8382
'0:2:32.1,0.8381
'0:2:32.2,0.8381
'0:2:32.3,0.8381
'0:2:32.4,0.8381
'0:2:32.5,0.8381
'0:2:32.6,0.8381
'0:2:32.7,0.8383
'0:2:32.8,0.8382
'0:2:32.9,0.8383
'0:2:33.0,0.8382
'0:2:33.1,0.838
'0:2:33.2,0.8382
'0:2:33.3,0.8382
'0:2:33.4,0.8381
'0:2:33.5,0.8383
'0:2:33.6,0.8382
'0:2:33.7,0.8383
'0:2:33.8,0.8383
'0:2:33.9,0.8383
'0:2:34.0,0.8384
'0:2:34.1,0.8383
'0:2:34.2,0.8383
'0:2:34.3,0.8383
'0:2:34.4,0.8384
'0:2:34.5,0.8384
'0:2:34.6,0.8383
'0:2:34.7,0.8384
'0:2:34.8,0.8384
'0:2:34.9,0.8384
'0:2:35.0,0.8384
'0:2:35.1,0.8385
'0:2:35.2,0.8386
'0:2:35.3,0.8387
'0:2:35.4,0.8389
'0:2:35.5,0.8387
'0:2:35.6,0.8384
'0:2:35.7,0.8385
'0:2:35.8,0.8383
'0:2:35.9,0.8383
'0:2:36.0,0.8385
'0:2:36.1,0.8383
'0:2:36.2,0.8384
'0:2:36.3,0.8386
'0:2:36.4,0.8384
'0:2:36.5,0.8384
'0:2:36.6,0.8383
'0:2:36.7,0.8385
'0:2:36.8,0.8385
'0:2:36.9,0.8381
'0:2:37.0,0.8383
'0:2:37.1,0.8384
'0:2:37.2,0.8384
'0:2:37.3,0.8385
'0:2:37.4,0.8385
'0:2:37.5,0.8387
'0:2:37.6,0.8385
'0:2:37.7,0.8384
'0:2:37.8,0.8384
'0:2:37.9,0.8384
'0:2:38.0,0.8386
'0:2:38.1,0.8387
'0:2:38.2,0.8387
'0:2:38.3,0.8387
'0:2:38.4,0.8386
'0:2:38.5,0.8386
'0:2:38.6,0.8384
'0:2:38.7,0.8386
'0:2:38.8,0.8387
'0:2:38.9,0.8388
'0:2:39.0,0.8389
'0:2:39.1,0.8389
'0:2:39.2,0.839
'0:2:39.3,0.839
'0:2:39.4,0.8389
'0:2:39.5,0.8394
'0:2:39.6,0.8396
'0:2:39.7,0.8398
'0:2:39.8,0.8396
'0:2:39.9,0.8397
'0:2:40.0,0.8396
'0:2:40.1,0.8398
'0:2:40.2,0.8397
'0:2:40.3,0.8398
'0:2:40.4,0.8399
'0:2:40.5,0.8399
'0:2:40.6,0.84
'0:2:40.7,0.8402
'0:2:40.8,0.8401
'0:2:40.9,0.8402
'0:2:41.0,0.8403
'0:2:41.1,0.8404
'0:2:41.2,0.8402
'0:2:41.3,0.8403
'0:2:41.4,0.8403
'0:2:41.5,0.8403
'0:2:41.6,0.8404
'0:2:41.7,0.8407
'0:2:41.8,0.8408
'0:2:41.9,0.8405
'0:2:42.0,0.8405
'0:2:42.1,0.8405
'0:2:42.2,0.8405
'0:2:42.3,0.8407
'0:2:42.4,0.8408
'0:2:42.5,0.8409
'0:2:42.6,0.841
'0:2:42.7,0.841
'0:2:42.8,0.8408
'0:2:42.9,0.8407
'0:2:43.0,0.841
'0:2:43.1,0.8408
'0:2:43.2,0.841
'0:2:43.3,0.841
'0:2:43.4,0.841
'0:2:43.5,0.8408
'0:2:43.6,0.841
'0:2:43.7,0.8409
'0:2:43.8,0.841
'0:2:43.9,0.8412
'0:2:44.0,0.8409
'0:2:44.1,0.8409
'0:2:44.2,0.841
'0:2:44.3,0.8412
'0:2:44.4,0.8413
'0:2:44.5,0.8412
'0:2:44.6,0.841
'0:2:44.7,0.8413
'0:2:44.8,0.8413
'0:2:44.9,0.8414
'0:2:45.0,0.8416
'0:2:45.1,0.8417
'0:2:45.2,0.8419
'0:2:45.3,0.8418
'0:2:45.4,0.8419
'0:2:45.5,0.8419
'0:2:45.6,0.8418
'0:2:45.7,0.842
'0:2:45.8,0.842
'0:2:45.9,0.8421
'0:2:46.0,0.8422
'0:2:46.1,0.8421
'0:2:46.2,0.8421
'0:2:46.3,0.8421
'0:2:46.4,0.842
'0:2:46.5,0.8421
'0:2:46.6,0.8422
'0:2:46.7,0.8422
'0:2:46.8,0.8423
'0:2:46.9,0.8423
'0:2:47.0,0.8426
'0:2:47.1,0.8424
'0:2:47.2,0.8425
'0:2:47.3,0.8426
'0:2:47.4,0.8424
'0:2:47.5,0.8426
'0:2:47.6,0.8427
'0:2:47.7,0.8426
'0:2:47.8,0.8426
'0:2:47.9,0.8428
'0:2:48.0,0.8427
'0:2:48.1,0.8427
'0:2:48.2,0.8427
'0:2:48.3,0.8427
'0:2:48.4,0.8426
'0:2:48.5,0.8427
'0:2:48.6,0.8428
'0:2:48.7,0.8431
'0:2:48.8,0.8429
'0:2:48.9,0.8428
'0:2:49.0,0.8428
'0:2:49.1,0.8429
'0:2:49.2,0.843
'0:2:49.3,0.8429
'0:2:49.4,0.8429
'0:2:49.5,0.8431
'0:2:49.6,0.8431
'0:2:49.7,0.8432
'0:2:49.8,0.8432
'0:2:49.9,0.8432
'0:2:50.0,0.8432
'0:2:50.1,0.8431
'0:2:50.2,0.8431
'0:2:50.3,0.8432
'0:2:50.4,0.8433
'0:2:50.5,0.8433
'0:2:50.6,0.8433
'0:2:50.7,0.8434
'0:2:50.8,0.8433
'0:2:50.9,0.8433
'0:2:51.0,0.8433
'0:2:51.1,0.8431
'0:2:51.2,0.8432
'0:2:51.3,0.8432
'0:2:51.4,0.8433
'0:2:51.5,0.8434
'0:2:51.6,0.8432
'0:2:51.7,0.8433
'0:2:51.8,0.8433
'0:2:51.9,0.8433
'0:2:52.0,0.8433
'0:2:52.1,0.8435
'0:2:52.2,0.8436
'0:2:52.3,0.8435
'0:2:52.4,0.8436
'0:2:52.5,0.8438
'0:2:52.6,0.8434
'0:2:52.7,0.8436
'0:2:52.8,0.8436
'0:2:52.9,0.8438
'0:2:53.0,0.8439
'0:2:53.1,0.8441
'0:2:53.2,0.8441
'0:2:53.3,0.8442
'0:2:53.4,0.8442
'0:2:53.5,0.8442
'0:2:53.6,0.844
'0:2:53.7,0.8443
'0:2:53.8,0.844
'0:2:53.9,0.8439
'0:2:54.0,0.8442
'0:2:54.1,0.8442
'0:2:54.2,0.8444
'0:2:54.3,0.8444
'0:2:54.4,0.8445
'0:2:54.5,0.8446
'0:2:54.6,0.8446
'0:2:54.7,0.8445
'0:2:54.8,0.8447
'0:2:54.9,0.8448
'0:2:55.0,0.8448
'0:2:55.1,0.8449
'0:2:55.2,0.8447
'0:2:55.3,0.8446
'0:2:55.4,0.8447
'0:2:55.5,0.8447
'0:2:55.6,0.8447
'0:2:55.7,0.8448
'0:2:55.8,0.8451
'0:2:55.9,0.8451
'0:2:56.0,0.8449
'0:2:56.1,0.8452
'0:2:56.2,0.8452
'0:2:56.3,0.8454
'0:2:56.4,0.8452
'0:2:56.5,0.8451
'0:2:56.6,0.8452
'0:2:56.7,0.8455
'0:2:56.8,0.8455
'0:2:56.9,0.8455
'0:2:57.0,0.8458
'0:2:57.1,0.8455
'0:2:57.2,0.8458
'0:2:57.3,0.8454
'0:2:57.4,0.8455
'0:2:57.5,0.8456
'0:2:57.6,0.8457
'0:2:57.7,0.8458
'0:2:57.8,0.8457
'0:2:57.9,0.8458
'0:2:58.0,0.8457
'0:2:58.1,0.8456
'0:2:58.2,0.8456
'0:2:58.3,0.8456
'0:2:58.4,0.8458
'0:2:58.5,0.8457
'0:2:58.6,0.8456
'0:2:58.7,0.8457
'0:2:58.8,0.8457
'0:2:58.9,0.8457
'0:2:59.0,0.8458
'0:2:59.1,0.8458
'0:2:59.2,0.8458
'0:2:59.3,0.8459
'0:2:59.4,0.8458
'0:2:59.5,0.8458
'0:2:59.6,0.8459
'0:2:59.7,0.8458
'0:2:59.8,0.8459
'0:2:59.9,0.8458
'0:2:60.0,0.8458
'0:3:0.1,0.846
'0:3:0.2,0.8458
'0:3:0.3,0.8461
'0:3:0.4,0.8461
'0:3:0.5,0.846
'0:3:0.6,0.8461
'0:3:0.7,0.8462
'0:3:0.8,0.8463
'0:3:0.9,0.846
'0:3:1.0,0.8463
'0:3:1.1,0.8465
'0:3:1.2,0.8464
'0:3:1.3,0.8465
'0:3:1.4,0.8466
'0:3:1.5,0.8465
'0:3:1.6,0.8465
'0:3:1.7,0.8466
'0:3:1.8,0.8466
'0:3:1.9,0.8465
'0:3:2.0,0.8465
'0:3:2.1,0.8466
'0:3:2.2,0.8465
'0:3:2.3,0.8466
'0:3:2.4,0.8466
'0:3:2.5,0.8467
'0:3:2.6,0.8467
'0:3:2.7,0.8469
'0:3:2.8,0.8469
'0:3:2.9,0.8469
'0:3:3.0,0.8468
'0:3:3.1,0.8468
'0:3:3.2,0.847
'0:3:3.3,0.8471
'0:3:3.4,0.8468
'0:3:3.5,0.8471
'0:3:3.6,0.8471
'0:3:3.7,0.8473
'0:3:3.8,0.8471
'0:3:3.9,0.8469
'0:3:4.0,0.847
'0:3:4.1,0.8471
'0:3:4.2,0.8471
'0:3:4.3,0.8473
'0:3:4.4,0.8473
'0:3:4.5,0.8475
'0:3:4.6,0.8473
'0:3:4.7,0.8478
'0:3:4.8,0.8478
'0:3:4.9,0.848
'0:3:5.0,0.848
'0:3:5.1,0.848
'0:3:5.2,0.8481
'0:3:5.3,0.8484
'0:3:5.4,0.8485
'0:3:5.5,0.8486
'0:3:5.6,0.8486
'0:3:5.7,0.8489
'0:3:5.8,0.8489
'0:3:5.9,0.8487
'0:3:6.0,0.8485
'0:3:6.1,0.8488
'0:3:6.2,0.8488
'0:3:6.3,0.8488
'0:3:6.4,0.849
'0:3:6.5,0.8489
'0:3:6.6,0.8487
'0:3:6.7,0.8488
'0:3:6.8,0.8488
'0:3:6.9,0.8488
'0:3:7.0,0.8491
'0:3:7.1,0.849
'0:3:7.2,0.8489
'0:3:7.3,0.8489
'0:3:7.4,0.8489
'0:3:7.5,0.849
'0:3:7.6,0.8487
'0:3:7.7,0.849
'0:3:7.8,0.849
'0:3:7.9,0.8489
'0:3:8.0,0.8488
'0:3:8.1,0.8491
'0:3:8.2,0.8489
'0:3:8.3,0.8489
'0:3:8.4,0.8491
'0:3:8.5,0.8491
'0:3:8.6,0.849
'0:3:8.7,0.8491
'0:3:8.8,0.8491
'0:3:8.9,0.8489
'0:3:9.0,0.8491
'0:3:9.1,0.8491
'0:3:9.2,0.8491
'0:3:9.3,0.8491
'0:3:9.4,0.8491
'0:3:9.5,0.849
'0:3:9.6,0.849
'0:3:9.7,0.8493
'0:3:9.8,0.8491
'0:3:9.9,0.8491
'0:3:10.0,0.8492
'0:3:10.1,0.8493
'0:3:10.2,0.8492
'0:3:10.3,0.8492
'0:3:10.4,0.8491
'0:3:10.5,0.8492
'0:3:10.6,0.8493
'0:3:10.7,0.8493
'0:3:10.8,0.8492
'0:3:10.9,0.8493
'0:3:11.0,0.8492
'0:3:11.1,0.8486
'0:3:11.2,0.8491
'0:3:11.3,0.849
'0:3:11.4,0.8491
'0:3:11.5,0.8491
'0:3:11.6,0.8493
'0:3:11.7,0.8493
'0:3:11.8,0.8493
'0:3:11.9,0.8494
'0:3:12.0,0.8496
'0:3:12.1,0.8496
'0:3:12.2,0.8496
'0:3:12.3,0.8497
'0:3:12.4,0.8498
'0:3:12.5,0.8497
'0:3:12.6,0.8497
'0:3:12.7,0.8498
'0:3:12.8,0.8497
'0:3:12.9,0.8497
'0:3:13.0,0.8498
'0:3:13.1,0.8497
'0:3:13.2,0.85
'0:3:13.3,0.8501
'0:3:13.4,0.8499
'0:3:13.5,0.8501
'0:3:13.6,0.85
'0:3:13.7,0.8504
'0:3:13.8,0.8502
'0:3:13.9,0.8503
'0:3:14.0,0.8503
'0:3:14.1,0.8506
'0:3:14.2,0.8507
'0:3:14.3,0.8508
'0:3:14.4,0.8509
'0:3:14.5,0.8508
'0:3:14.6,0.851
'0:3:14.7,0.8512
'0:3:14.8,0.8507
'0:3:14.9,0.8509
'0:3:15.0,0.8511
'0:3:15.1,0.8513
'0:3:15.2,0.851
'0:3:15.3,0.851
'0:3:15.4,0.851
'0:3:15.5,0.851
'0:3:15.6,0.8511
'0:3:15.7,0.8511
'0:3:15.8,0.8512
'0:3:15.9,0.851
'0:3:16.0,0.8511
'0:3:16.1,0.8513
'0:3:16.2,0.8511
'0:3:16.3,0.8511
'0:3:16.4,0.8511
'0:3:16.5,0.8512
'0:3:16.6,0.8515
'0:3:16.7,0.8516
'0:3:16.8,0.8516
'0:3:16.9,0.8514
'0:3:17.0,0.8515
'0:3:17.1,0.8512
'0:3:17.2,0.8511
'0:3:17.3,0.8511
'0:3:17.4,0.8513
'0:3:17.5,0.8513
'0:3:17.6,0.8514
'0:3:17.7,0.8515
'0:3:17.8,0.8515
'0:3:17.9,0.8513
'0:3:18.0,0.8513
'0:3:18.1,0.8515
'0:3:18.2,0.8513
'0:3:18.3,0.8512
'0:3:18.4,0.8515
'0:3:18.5,0.8513
'0:3:18.6,0.8514
'0:3:18.7,0.8515
'0:3:18.8,0.8515
'0:3:18.9,0.8514
'0:3:19.0,0.8515
'0:3:19.1,0.851
'0:3:19.2,0.8513
'0:3:19.3,0.8515
'0:3:19.4,0.8517
'0:3:19.5,0.8517
'0:3:19.6,0.8517
'0:3:19.7,0.8518
'0:3:19.8,0.8517
'0:3:19.9,0.8519
'0:3:20.0,0.8519
'0:3:20.1,0.8517
'0:3:20.2,0.8517
'0:3:20.3,0.8519
'0:3:20.4,0.8518
'0:3:20.5,0.852
'0:3:20.6,0.852
'0:3:20.7,0.8522
'0:3:20.8,0.8521
'0:3:20.9,0.852
'0:3:21.0,0.8523
'0:3:21.1,0.8521
'0:3:21.2,0.8522
'0:3:21.3,0.8523
'0:3:21.4,0.8523
'0:3:21.5,0.8523
'0:3:21.6,0.8523
'0:3:21.7,0.8522
'0:3:21.8,0.8522
'0:3:21.9,0.8523
'0:3:22.0,0.8524
'0:3:22.1,0.8524
'0:3:22.2,0.8523
'0:3:22.3,0.8524
'0:3:22.4,0.8523
'0:3:22.5,0.8525
'0:3:22.6,0.8524
'0:3:22.7,0.8524
'0:3:22.8,0.8525
'0:3:22.9,0.8525
'0:3:23.0,0.8524
'0:3:23.1,0.8524
'0:3:23.2,0.8525
'0:3:23.3,0.8523
'0:3:23.4,0.8524
'0:3:23.5,0.8525
'0:3:23.6,0.8523
'0:3:23.7,0.8526
'0:3:23.8,0.8526
'0:3:23.9,0.8528
'0:3:24.0,0.8528
'0:3:24.1,0.8527
'0:3:24.2,0.8528
'0:3:24.3,0.8529
'0:3:24.4,0.8529
'0:3:24.5,0.8529
'0:3:24.6,0.8528
'0:3:24.7,0.853
'0:3:24.8,0.8531
'0:3:24.9,0.8531
'0:3:25.0,0.8533
'0:3:25.1,0.8532
'0:3:25.2,0.8533
'0:3:25.3,0.8532
'0:3:25.4,0.8532
'0:3:25.5,0.8531
'0:3:25.6,0.8532
'0:3:25.7,0.8534
'0:3:25.8,0.8532
'0:3:25.9,0.8535
'0:3:26.0,0.8535
'0:3:26.1,0.8536
'0:3:26.2,0.8536
'0:3:26.3,0.8536
'0:3:26.4,0.8538
'0:3:26.5,0.8537
'0:3:26.6,0.8538
'0:3:26.7,0.8543
'0:3:26.8,0.8542
'0:3:26.9,0.8545
'0:3:27.0,0.8545
'0:3:27.1,0.8547
'0:3:27.2,0.8547
'0:3:27.3,0.8549
'0:3:27.4,0.8553
'0:3:27.5,0.8554
'0:3:27.6,0.8556
'0:3:27.7,0.8557
'0:3:27.8,0.8556
'0:3:27.9,0.8556
'0:3:28.0,0.8557
'0:3:28.1,0.856
'0:3:28.2,0.8561
'0:3:28.3,0.856
'0:3:28.4,0.856
'0:3:28.5,0.8562
'0:3:28.6,0.8561
'0:3:28.7,0.8563
'0:3:28.8,0.8561
'0:3:28.9,0.8561
'0:3:29.0,0.856
'0:3:29.1,0.8561
'0:3:29.2,0.856
'0:3:29.3,0.8558
'0:3:29.4,0.8561
'0:3:29.5,0.8559
'0:3:29.6,0.8556
'0:3:29.7,0.8556
'0:3:29.8,0.8559
'0:3:29.9,0.8561
'0:3:30.0,0.856
'0:3:30.1,0.856
'0:3:30.2,0.8559
'0:3:30.3,0.8557
'0:3:30.4,0.8559
'0:3:30.5,0.8558
'0:3:30.6,0.8556
'0:3:30.7,0.856
'0:3:30.8,0.856
'0:3:30.9,0.856
'0:3:31.0,0.8559
'0:3:31.1,0.856
'0:3:31.2,0.856
'0:3:31.3,0.8559
'0:3:31.4,0.8558
'0:3:31.5,0.856
'0:3:31.6,0.8561
'0:3:31.7,0.8563
'0:3:31.8,0.8563
'0:3:31.9,0.8562
'0:3:32.0,0.8561
'0:3:32.1,0.8563
'0:3:32.2,0.8563
'0:3:32.3,0.856
'0:3:32.4,0.856
'0:3:32.5,0.8563
'0:3:32.6,0.8561
'0:3:32.7,0.8562
'0:3:32.8,0.8564
'0:3:32.9,0.8562
'0:3:33.0,0.8562
'0:3:33.1,0.8563
'0:3:33.2,0.8563
'0:3:33.3,0.8563
'0:3:33.4,0.8564
'0:3:33.5,0.8564
'0:3:33.6,0.8564
'0:3:33.7,0.8565
'0:3:33.8,0.8565
'0:3:33.9,0.8565
'0:3:34.0,0.8565
'0:3:34.1,0.8564
'0:3:34.2,0.8564
'0:3:34.3,0.8564
'0:3:34.4,0.8566
'0:3:34.5,0.8566
'0:3:34.6,0.8567
'0:3:34.7,0.8568
'0:3:34.8,0.8566
'0:3:34.9,0.8565
'0:3:35.0,0.8564
'0:3:35.1,0.8565
'0:3:35.2,0.8568
'0:3:35.3,0.8568
'0:3:35.4,0.8568
'0:3:35.5,0.8569
'0:3:35.6,0.8567
'0:3:35.7,0.8569
'0:3:35.8,0.8568
'0:3:35.9,0.857
'0:3:36.0,0.857
'0:3:36.1,0.857
'0:3:36.2,0.8568
'0:3:36.3,0.857
'0:3:36.4,0.857
'0:3:36.5,0.857
'0:3:36.6,0.8568
'0:3:36.7,0.8574
'0:3:36.8,0.8574
'0:3:36.9,0.8576
'0:3:37.0,0.8575
'0:3:37.1,0.8575
'0:3:37.2,0.8576
'0:3:37.3,0.8579
'0:3:37.4,0.858
'0:3:37.5,0.8578
'0:3:37.6,0.8582
'0:3:37.7,0.8583
'0:3:37.8,0.8585
'0:3:37.9,0.8588
'0:3:38.0,0.8589
'0:3:38.1,0.8587
'0:3:38.2,0.8589
'0:3:38.3,0.8588
'0:3:38.4,0.8588
'0:3:38.5,0.859
'0:3:38.6,0.8589
'0:3:38.7,0.8589
'0:3:38.8,0.8588
'0:3:38.9,0.8588
'0:3:39.0,0.8586
'0:3:39.1,0.8585
'0:3:39.2,0.8585
'0:3:39.3,0.8586
'0:3:39.4,0.8586
'0:3:39.5,0.8587
'0:3:39.6,0.8587
'0:3:39.7,0.8587
'0:3:39.8,0.8588
'0:3:39.9,0.8589
'0:3:40.0,0.859
'0:3:40.1,0.8585
'0:3:40.2,0.859
'0:3:40.3,0.8589
'0:3:40.4,0.859
'0:3:40.5,0.859
'0:3:40.6,0.859
'0:3:40.7,0.8591
'0:3:40.8,0.8591
'0:3:40.9,0.859
'0:3:41.0,0.8591
'0:3:41.1,0.8594
'0:3:41.2,0.8594
'0:3:41.3,0.8594
'0:3:41.4,0.8596
'0:3:41.5,0.8596
'0:3:41.6,0.8594
'0:3:41.7,0.8596
'0:3:41.8,0.8594
'0:3:41.9,0.8594
'0:3:42.0,0.8596
'0:3:42.1,0.8597
'0:3:42.2,0.8596
'0:3:42.3,0.8595
'0:3:42.4,0.8596
'0:3:42.5,0.8597
'0:3:42.6,0.8596
'0:3:42.7,0.8595
'0:3:42.8,0.8595
'0:3:42.9,0.8595
'0:3:43.0,0.8597
'0:3:43.1,0.8596
'0:3:43.2,0.8594
'0:3:43.3,0.8595
'0:3:43.4,0.8597
'0:3:43.5,0.8597
'0:3:43.6,0.8597
'0:3:43.7,0.8597
'0:3:43.8,0.8595
'0:3:43.9,0.8598
'0:3:44.0,0.8597
'0:3:44.1,0.8597
'0:3:44.2,0.8597
'0:3:44.3,0.8596
'0:3:44.4,0.8596
'0:3:44.5,0.8598
'0:3:44.6,0.8598
'0:3:44.7,0.8597
'0:3:44.8,0.8598
'0:3:44.9,0.8599
'0:3:45.0,0.8597
'0:3:45.1,0.8598
'0:3:45.2,0.8599
'0:3:45.3,0.8598
'0:3:45.4,0.86
'0:3:45.5,0.8599
'0:3:45.6,0.8599
'0:3:45.7,0.86
'0:3:45.8,0.8598
'0:3:45.9,0.8598
'0:3:46.0,0.8599
'0:3:46.1,0.8598
'0:3:46.2,0.86
'0:3:46.3,0.86
'0:3:46.4,0.86
'0:3:46.5,0.8602
'0:3:46.6,0.8602
'0:3:46.7,0.8602
'0:3:46.8,0.8601
'0:3:46.9,0.8601
'0:3:47.0,0.8601
'0:3:47.1,0.8599
'0:3:47.2,0.8601
'0:3:47.3,0.86
'0:3:47.4,0.8603
'0:3:47.5,0.8603
'0:3:47.6,0.8602
'0:3:47.7,0.8601
'0:3:47.8,0.8602
'0:3:47.9,0.8602
'0:3:48.0,0.8602
'0:3:48.1,0.8603
'0:3:48.2,0.8603
'0:3:48.3,0.8603
'0:3:48.4,0.8603
'0:3:48.5,0.8603
'0:3:48.6,0.8603
'0:3:48.7,0.8603
'0:3:48.8,0.8603
'0:3:48.9,0.8605
'0:3:49.0,0.8604
'0:3:49.1,0.8606
'0:3:49.2,0.8606
'0:3:49.3,0.8605
'0:3:49.4,0.8604
'0:3:49.5,0.8607
'0:3:49.6,0.8608
'0:3:49.7,0.861
'0:3:49.8,0.8609
'0:3:49.9,0.8609
'0:3:50.0,0.8608
'0:3:50.1,0.8608
'0:3:50.2,0.8608
'0:3:50.3,0.8608
'0:3:50.4,0.8608
'0:3:50.5,0.8608
'0:3:50.6,0.8606
'0:3:50.7,0.8608
'0:3:50.8,0.8607
'0:3:50.9,0.8606
'0:3:51.0,0.8608
'0:3:51.1,0.8607
'0:3:51.2,0.8603
'0:3:51.3,0.8606
'0:3:51.4,0.8606
'0:3:51.5,0.8607
'0:3:51.6,0.8607
'0:3:51.7,0.8607
'0:3:51.8,0.8609
'0:3:51.9,0.8606
'0:3:52.0,0.8605
'0:3:52.1,0.8605
'0:3:52.2,0.8607
'0:3:52.3,0.8608
'0:3:52.4,0.8607
'0:3:52.5,0.8608
'0:3:52.6,0.8605
'0:3:52.7,0.8607
'0:3:52.8,0.8606
'0:3:52.9,0.8607
'0:3:53.0,0.8607
'0:3:53.1,0.8605
'0:3:53.2,0.8605
'0:3:53.3,0.8604
'0:3:53.4,0.8603
'0:3:53.5,0.8606
'0:3:53.6,0.8606
'0:3:53.7,0.8607
'0:3:53.8,0.8606
'0:3:53.9,0.8607
'0:3:54.0,0.8604
'0:3:54.1,0.8606
'0:3:54.2,0.8606
'0:3:54.3,0.8606
'0:3:54.4,0.8608
'0:3:54.5,0.8607
'0:3:54.6,0.8605
'0:3:54.7,0.8609
'0:3:54.8,0.8609
'0:3:54.9,0.8607
'0:3:55.0,0.8609
'0:3:55.1,0.8608
'0:3:55.2,0.8608
'0:3:55.3,0.861
'0:3:55.4,0.8609
'0:3:55.5,0.8612
'0:3:55.6,0.8611
'0:3:55.7,0.8613
'0:3:55.8,0.861
'0:3:55.9,0.8611
'0:3:56.0,0.8613
'0:3:56.1,0.8614
'0:3:56.2,0.8617
'0:3:56.3,0.8616
'0:3:56.4,0.8616
'0:3:56.5,0.8614
'0:3:56.6,0.8616
'0:3:56.7,0.8618
'0:3:56.8,0.8617
'0:3:56.9,0.8617
'0:3:57.0,0.8618
'0:3:57.1,0.8618
'0:3:57.2,0.862
'0:3:57.3,0.862
'0:3:57.4,0.8621
'0:3:57.5,0.862
'0:3:57.6,0.8617
'0:3:57.7,0.862
'0:3:57.8,0.8621
'0:3:57.9,0.862
'0:3:58.0,0.862
'0:3:58.1,0.8621
'0:3:58.2,0.8623
'0:3:58.3,0.8622
'0:3:58.4,0.8621
'0:3:58.5,0.8621
'0:3:58.6,0.862
'0:3:58.7,0.8623
'0:3:58.8,0.8622
'0:3:58.9,0.8621
'0:3:59.0,0.862
'0:3:59.1,0.8622
'0:3:59.2,0.862
'0:3:59.3,0.8622
'0:3:59.4,0.8619
'0:3:59.5,0.8622
'0:3:59.6,0.8622
'0:3:59.7,0.8623
'0:3:59.8,0.8623
'0:3:59.9,0.862
'0:3:60.0,0.8621
'0:4:0.1,0.8621
'0:4:0.2,0.8623
'0:4:0.3,0.8621
'0:4:0.4,0.8619
'0:4:0.5,0.8621
'0:4:0.6,0.8622
'0:4:0.7,0.8623
'0:4:0.8,0.8623
'0:4:0.9,0.8623
'0:4:1.0,0.8623
'0:4:1.1,0.8626
'0:4:1.2,0.8624
'0:4:1.3,0.8629
'0:4:1.4,0.8637
'0:4:1.5,0.8639
'0:4:1.6,0.8639
'0:4:1.7,0.864
'0:4:1.8,0.8639
'0:4:1.9,0.864
'0:4:2.0,0.8637
'0:4:2.1,0.8638
'0:4:2.2,0.8638
'0:4:2.3,0.8638
'0:4:2.4,0.8637
'0:4:2.5,0.8637
'0:4:2.6,0.8636
'0:4:2.7,0.8636
'0:4:2.8,0.8638
'0:4:2.9,0.8638
'0:4:3.0,0.8639
'0:4:3.1,0.8639
'0:4:3.2,0.8639
'0:4:3.3,0.8638
'0:4:3.4,0.8638
'0:4:3.5,0.8639
'0:4:3.6,0.864
'0:4:3.7,0.8641
'0:4:3.8,0.8644
'0:4:3.9,0.8646
'0:4:4.0,0.8651
'0:4:4.1,0.8652
'0:4:4.2,0.8651
'0:4:4.3,0.8651
'0:4:4.4,0.8651
'0:4:4.5,0.8651
'0:4:4.6,0.8649
'0:4:4.7,0.8648
'0:4:4.8,0.8646
'0:4:4.9,0.8645
'0:4:5.0,0.8648
'0:4:5.1,0.8645
'0:4:5.2,0.8645
'0:4:5.3,0.8645
'0:4:5.4,0.8645
'0:4:5.5,0.8645
'0:4:5.6,0.8643
'0:4:5.7,0.8644
'0:4:5.8,0.8645
'0:4:5.9,0.8643
'0:4:6.0,0.8644
'0:4:6.1,0.8645
'0:4:6.2,0.8645
'0:4:6.3,0.8644
'0:4:6.4,0.8644
'0:4:6.5,0.8645
'0:4:6.6,0.8643
'0:4:6.7,0.8643
'0:4:6.8,0.8642
'0:4:6.9,0.8644
'0:4:7.0,0.8643
'0:4:7.1,0.8644
'0:4:7.2,0.8643
'0:4:7.3,0.8642
'0:4:7.4,0.8643
'0:4:7.5,0.8641
'0:4:7.6,0.8642
'0:4:7.7,0.8643
'0:4:7.8,0.8641
'0:4:7.9,0.8642
'0:4:8.0,0.8643
'0:4:8.1,0.8643
'0:4:8.2,0.8642
'0:4:8.3,0.8641
'0:4:8.4,0.8643
'0:4:8.5,0.8642
'0:4:8.6,0.8642
'0:4:8.7,0.8644
'0:4:8.8,0.8641
'0:4:8.9,0.8642
'0:4:9.0,0.8644
'0:4:9.1,0.8643
'0:4:9.2,0.8645
'0:4:9.3,0.8643
'0:4:9.4,0.8646
'0:4:9.5,0.8646
'0:4:9.6,0.8648
'0:4:9.7,0.8652
'0:4:9.8,0.8653
'0:4:9.9,0.8655
'0:4:10.0,0.8653
'0:4:10.1,0.8657
'0:4:10.2,0.8655
'0:4:10.3,0.8657
'0:4:10.4,0.8657
'0:4:10.5,0.8659
'0:4:10.6,0.8657
'0:4:10.7,0.8658
'0:4:10.8,0.8659
'0:4:10.9,0.8657
'0:4:11.0,0.8656
'0:4:11.1,0.8655
'0:4:11.2,0.8655
'0:4:11.3,0.8654
'0:4:11.4,0.8653
'0:4:11.5,0.8653
'0:4:11.6,0.8652
'0:4:11.7,0.8653
'0:4:11.8,0.8653
'0:4:11.9,0.8653
'0:4:12.0,0.8652
'0:4:12.1,0.8653
'0:4:12.2,0.8654
'0:4:12.3,0.8656
'0:4:12.4,0.8656
'0:4:12.5,0.8654
'0:4:12.6,0.8652
'0:4:12.7,0.8651
'0:4:12.8,0.8651
'0:4:12.9,0.8652
'0:4:13.0,0.8652
'0:4:13.1,0.8652
'0:4:13.2,0.8652
'0:4:13.3,0.8653
'0:4:13.4,0.8653
'0:4:13.5,0.8655
'0:4:13.6,0.8654
'0:4:13.7,0.8657
'0:4:13.8,0.8658
'0:4:13.9,0.8657
'0:4:14.0,0.8659
'0:4:14.1,0.866
'0:4:14.2,0.8661
'0:4:14.3,0.8659
'0:4:14.4,0.8659
'0:4:14.5,0.8659
'0:4:14.6,0.8658
'0:4:14.7,0.8659
'0:4:14.8,0.8658
'0:4:14.9,0.866
'0:4:15.0,0.8659
'0:4:15.1,0.8659
'0:4:15.2,0.8659
'0:4:15.3,0.8659
'0:4:15.4,0.866
'0:4:15.5,0.866
'0:4:15.6,0.866
'0:4:15.7,0.8665
'0:4:15.8,0.8663
'0:4:15.9,0.866
'0:4:16.0,0.8661
'0:4:16.1,0.8659
'0:4:16.2,0.866
'0:4:16.3,0.8658
'0:4:16.4,0.8659
'0:4:16.5,0.8658
'0:4:16.6,0.8656
'0:4:16.7,0.8658
'0:4:16.8,0.8658
'0:4:16.9,0.8658
'0:4:17.0,0.8658
'0:4:17.1,0.8658
'0:4:17.2,0.8655
'0:4:17.3,0.8655
'0:4:17.4,0.8657
'0:4:17.5,0.8658
'0:4:17.6,0.8656
'0:4:17.7,0.8657
'0:4:17.8,0.8652
'0:4:17.9,0.865
'0:4:18.0,0.8647
'0:4:18.1,0.8646
'0:4:18.2,0.8645
'0:4:18.3,0.864
'0:4:18.4,0.8631
'0:4:18.5,0.8607
'0:4:18.6,0.8583
'0:4:18.7,0.8577
'0:4:18.8,0.8581
'0:4:18.9,0.8605
'0:4:19.0,0.862
'0:4:19.1,0.8633
'0:4:19.2,0.864
'0:4:19.3,0.8646
'0:4:19.4,0.8656
'0:4:19.5,0.866
'0:4:19.6,0.8663
'0:4:19.7,0.8667
'0:4:19.8,0.8669
'0:4:19.9,0.8671
'0:4:20.0,0.8675
'0:4:20.1,0.868
'0:4:20.2,0.8683
'0:4:20.3,0.8682
'0:4:20.4,0.868
'0:4:20.5,0.8678
'0:4:20.6,0.868
'0:4:20.7,0.8681
'0:4:20.8,0.8682
'0:4:20.9,0.8685
'0:4:21.0,0.8686
'0:4:21.1,0.8685
'0:4:21.2,0.8684
'0:4:21.3,0.8685
'0:4:21.4,0.8688
'0:4:21.5,0.869
'0:4:21.6,0.869
'0:4:21.7,0.8696
'0:4:21.8,0.8707
'0:4:21.9,0.8712
'0:4:22.0,0.8717
'0:4:22.1,0.8719
'0:4:22.2,0.872
'0:4:22.3,0.8724
'0:4:22.4,0.8728
'0:4:22.5,0.8729
'0:4:22.6,0.873
'0:4:22.7,0.873
'0:4:22.8,0.8728
'0:4:22.9,0.8725
'0:4:23.0,0.8726
'0:4:23.1,0.8726
'0:4:23.2,0.8724
'0:4:23.3,0.8723
'0:4:23.4,0.8725
'0:4:23.5,0.8723
'0:4:23.6,0.8721
'0:4:23.7,0.8723
'0:4:23.8,0.8723
'0:4:23.9,0.8723
'0:4:24.0,0.8723
'0:4:24.1,0.8724
'0:4:24.2,0.8726
'0:4:24.3,0.8727
'0:4:24.4,0.8726
'0:4:24.5,0.8728
'0:4:24.6,0.873
'0:4:24.7,0.8733
'0:4:24.8,0.8734
'0:4:24.9,0.8731
'0:4:25.0,0.8731
'0:4:25.1,0.8734
'0:4:25.2,0.8735
'0:4:25.3,0.8737
'0:4:25.4,0.8734
'0:4:25.5,0.8734
'0:4:25.6,0.8734
'0:4:25.7,0.8735
'0:4:25.8,0.8734
'0:4:25.9,0.8735
'0:4:26.0,0.8736
'0:4:26.1,0.8739
'0:4:26.2,0.8737
'0:4:26.3,0.8737
'0:4:26.4,0.8736
'0:4:26.5,0.8736
'0:4:26.6,0.8736
'0:4:26.7,0.8736
'0:4:26.8,0.8735
'0:4:26.9,0.8737
'0:4:27.0,0.8735
'0:4:27.1,0.8736
'0:4:27.2,0.8737
'0:4:27.3,0.8737
'0:4:27.4,0.8736
'0:4:27.5,0.8737
'0:4:27.6,0.8737
'0:4:27.7,0.8737
'0:4:27.8,0.8739
'0:4:27.9,0.8743
'0:4:28.0,0.8745
'0:4:28.1,0.8745
'0:4:28.2,0.8746
'0:4:28.3,0.8751
'0:4:28.4,0.8759
'0:4:28.5,0.8762
'0:4:28.6,0.8761
'0:4:28.7,0.8761
'0:4:28.8,0.8761
'0:4:28.9,0.876
'0:4:29.0,0.8759
'0:4:29.1,0.8761
'0:4:29.2,0.8762
'0:4:29.3,0.8764
'0:4:29.4,0.8766
'0:4:29.5,0.8767
'0:4:29.6,0.8767
'0:4:29.7,0.8768
'0:4:29.8,0.8767
'0:4:29.9,0.8766
'0:4:30.0,0.8767
'0:4:30.1,0.8767
'0:4:30.2,0.8767
'0:4:30.3,0.8766
'0:4:30.4,0.8764
'0:4:30.5,0.8765
'0:4:30.6,0.8763
'0:4:30.7,0.8765
'0:4:30.8,0.8765
'0:4:30.9,0.8763
'0:4:31.0,0.8764
'0:4:31.1,0.8764
'0:4:31.2,0.8767
'0:4:31.3,0.8767
'0:4:31.4,0.8767
'0:4:31.5,0.8769
'0:4:31.6,0.8769
'0:4:31.7,0.8771
'0:4:31.8,0.8771
'0:4:31.9,0.8772
'0:4:32.0,0.8772
'0:4:32.1,0.8767
'0:4:32.2,0.8767
'0:4:32.3,0.8769
'0:4:32.4,0.8772
'0:4:32.5,0.877
'0:4:32.6,0.877
'0:4:32.7,0.8773
'0:4:32.8,0.8771
'0:4:32.9,0.8772
'0:4:33.0,0.8771
'0:4:33.1,0.877
'0:4:33.2,0.877
'0:4:33.3,0.8767
'0:4:33.4,0.8768
'0:4:33.5,0.8767
'0:4:33.6,0.8766
'0:4:33.7,0.8765
'0:4:33.8,0.8763
'0:4:33.9,0.8765
'0:4:34.0,0.8765
'0:4:34.1,0.8765
'0:4:34.2,0.8764
'0:4:34.3,0.8765
'0:4:34.4,0.8765
'0:4:34.5,0.8764
'0:4:34.6,0.8765
'0:4:34.7,0.8766
'0:4:34.8,0.8765
'0:4:34.9,0.8766
'0:4:35.0,0.8766
'0:4:35.1,0.8767
'0:4:35.2,0.8768
'0:4:35.3,0.8769
'0:4:35.4,0.877
'0:4:35.5,0.8774
'0:4:35.6,0.8774
'0:4:35.7,0.8776
'0:4:35.8,0.8776
'0:4:35.9,0.8778
'0:4:36.0,0.8778
'0:4:36.1,0.8776
'0:4:36.2,0.8777
'0:4:36.3,0.878
'0:4:36.4,0.8782
'0:4:36.5,0.8784
'0:4:36.6,0.8783
'0:4:36.7,0.8787
'0:4:36.8,0.879
'0:4:36.9,0.879
'0:4:37.0,0.8799
'0:4:37.1,0.8803
'0:4:37.2,0.8805
'0:4:37.3,0.8807
'0:4:37.4,0.8804
'0:4:37.5,0.8804
'0:4:37.6,0.8804
'0:4:37.7,0.8804
'0:4:37.8,0.8804
'0:4:37.9,0.8803
'0:4:38.0,0.8803
'0:4:38.1,0.8802
'0:4:38.2,0.8803
'0:4:38.3,0.8803
'0:4:38.4,0.8803
'0:4:38.5,0.8804
'0:4:38.6,0.8803
'0:4:38.7,0.8804
'0:4:38.8,0.8803
'0:4:38.9,0.8802
'0:4:39.0,0.8803
'0:4:39.1,0.8804
'0:4:39.2,0.8805
'0:4:39.3,0.8809
'0:4:39.4,0.8808
'0:4:39.5,0.881
'0:4:39.6,0.8809
'0:4:39.7,0.8812
'0:4:39.8,0.8812
'0:4:39.9,0.8815
'0:4:40.0,0.8816
'0:4:40.1,0.8819
'0:4:40.2,0.8821
'0:4:40.3,0.8822
'0:4:40.4,0.8825
'0:4:40.5,0.8827
'0:4:40.6,0.8822
'0:4:40.7,0.8817
'0:4:40.8,0.8809
'0:4:40.9,0.8802
'0:4:41.0,0.8803
'0:4:41.1,0.8801
'0:4:41.2,0.8804
'0:4:41.3,0.8807
'0:4:41.4,0.8811
'0:4:41.5,0.8806
'0:4:41.6,0.8818
'0:4:41.7,0.8836
'0:4:41.8,0.8842
'0:4:41.9,0.8838
'0:4:42.0,0.883
'0:4:42.1,0.8877
'0:4:42.2,0.8872
'0:4:42.3,0.8875
'0:4:42.4,0.8874
'0:4:42.5,0.888
'0:4:42.6,0.8885
'0:4:42.7,0.8889
'0:4:42.8,0.8888
'0:4:42.9,0.8879
'0:4:43.0,0.888
'0:4:43.1,0.8881
'0:4:43.2,0.8893
'0:4:43.3,0.8902
'0:4:43.4,0.8906
'0:4:43.5,0.8895
'0:4:43.6,0.894
'0:4:43.7,0.8923
'0:4:43.8,0.8773
'0:4:43.9,0.8651
'0:4:44.0,0.8487
'0:4:44.1,0.8873
'0:4:44.2,0.8896
'0:4:44.3,0.9031
'0:4:44.4,0.8874
'0:4:44.5,0.9091
'0:4:44.6,0.9371
'0:4:44.7,0.9544
'0:4:44.8,0.9442
'0:4:44.9,0.922
'0:4:45.0,0.9244
'0:4:45.1,0.9281
'0:4:45.2,0.9294
'0:4:45.3,0.9302
'0:4:45.4,0.9317
'0:4:45.5,0.9331
'0:4:45.6,0.9339
'0:4:45.7,0.9365
'0:4:45.8,0.9398
'0:4:45.9,0.9421
'0:4:46.0,0.9427
'0:4:46.1,0.9443
'0:4:46.2,0.9461
'0:4:46.3,0.9496
'0:4:46.4,0.9541
'0:4:46.5,0.9571
'0:4:46.6,0.9628
'0:4:46.7,0.9672
'0:4:46.8,0.9699
'0:4:46.9,0.9729
'0:4:47.0,0.9758
'0:4:47.1,0.9797
'0:4:47.2,0.9751
'0:4:47.3,0.9766
'0:4:47.4,0.9747
'0:4:47.5,0.9557
'0:4:47.6,0.9027
'0:4:47.7,0.9427
'0:4:47.8,0.9845
'0:4:47.9,1.0132
'0:4:48.0,1.0023
'0:4:48.1,0.9941
'0:4:48.2,0.9961
'0:4:48.3,1.001
'0:4:48.4,1.0015
'0:4:48.5,1.0006
'0:4:48.6,1.0013
'0:4:48.7,1.0033
'0:4:48.8,1.0053
'0:4:48.9,1.0068
'0:4:49.0,1.0087
'0:4:49.1,1.011
'0:4:49.2,1.0134
'0:4:49.3,1.0159
'0:4:49.4,1.0189
'0:4:49.5,1.0208
'0:4:49.6,1.0215
'0:4:49.7,1.0202
'0:4:49.8,1.0208
'0:4:49.9,1.0233
'0:4:50.0,1.0257
'0:4:50.1,1.0319
'0:4:50.2,1.0392
'0:4:50.3,1.0423
'0:4:50.4,1.0443
'0:4:50.5,1.0449
'0:4:50.6,1.0422
'0:4:50.7,1.0415
'0:4:50.8,1.0409
'0:4:50.9,1.039
'0:4:51.0,1.0188
'0:4:51.1,1.0343
'0:4:51.2,1.0293
'0:4:51.3,1.0319
'0:4:51.4,1.0957
'0:4:51.5,1.0743
'0:4:51.6,1.062
'0:4:51.7,1.0382
'0:4:51.8,1.0061
'0:4:51.9,1.0389
'0:4:52.0,1.0888
'0:4:52.1,1.1527
'0:4:52.2,1.1067
'0:4:52.3,1.108
'0:4:52.4,1.1065
'0:4:52.5,1.1073
'0:4:52.6,1.1069
'0:4:52.7,1.1081
'0:4:52.8,1.1122
'0:4:52.9,1.1165
'0:4:53.0,1.1178
'0:4:53.1,1.1188
'0:4:53.2,1.1206
'0:4:53.3,1.1215
'0:4:53.4,1.1217
'0:4:53.5,1.1228
'0:4:53.6,1.1254
'0:4:53.7,1.127
'0:4:53.8,1.1272
'0:4:53.9,1.1227
'0:4:54.0,1.125
'0:4:54.1,1.1243
'0:4:54.2,1.1242
'0:4:54.3,1.1231
'0:4:54.4,1.1233
'0:4:54.5,1.1234
'0:4:54.6,1.1244
'0:4:54.7,1.1242
'0:4:54.8,1.1242
'0:4:54.9,1.1243
'0:4:55.0,1.1277
'0:4:55.1,1.1293
'0:4:55.2,1.1306
'0:4:55.3,1.1322
'0:4:55.4,1.1349
'0:4:55.5,1.1378
'0:4:55.6,1.1405
'0:4:55.7,1.1439
'0:4:55.8,1.1469
'0:4:55.9,1.1501
'0:4:56.0,1.1529
'0:4:56.1,1.1558
'0:4:56.2,1.16
'0:4:56.3,1.1655
'0:4:56.4,1.1667
'0:4:56.5,1.1678
'0:4:56.6,1.1698
'0:4:56.7,1.1703
'0:4:56.8,1.1703
'0:4:56.9,1.1701
'0:4:57.0,1.169
'0:4:57.1,1.1677
'0:4:57.2,1.1662
'0:4:57.3,1.1648
'0:4:57.4,1.1641
'0:4:57.5,1.1648
'0:4:57.6,1.1653
'0:4:57.7,1.1662
'0:4:57.8,1.1675
'0:4:57.9,1.167
'0:4:58.0,1.1663
'0:4:58.1,1.1658
'0:4:58.2,1.1652
'0:4:58.3,1.1642
'0:4:58.4,1.1633
'0:4:58.5,1.1627
'0:4:58.6,1.1626
'0:4:58.7,1.1627
'0:4:58.8,1.162
'0:4:58.9,1.1614
'0:4:59.0,1.1614
'0:4:59.1,1.1614
'0:4:59.2,1.162
'0:4:59.3,1.1642
'0:4:59.4,1.1658
'0:4:59.5,1.1665
'0:4:59.6,1.1672
'0:4:59.7,1.1683
'0:4:59.8,1.169
'0:4:59.9,1.1699
'0:4:60.0,1.1706
